microservice,pod,median,latency,cpuUsage,memUsage,repeat,service,cpuInter,memInter,targetReqFreq,reqFreq
compose-post-service,compose-post-service,433.0,2040.7999999999984,2,2,0,ComposePost,0,0,650.0,650.0
home-timeline-service,home-timeline-service,35.0,944.8999999999992,2,2,0,ComposePost,0,0,650.0,650.0
nginx-web-server,nginx-thrift,505.0,1650.0,2,2,0,ComposePost,0,0,650.0,650.0
post-storage-service,post-storage-service,27.0,63.19999999999993,2,2,0,ComposePost,0,0,650.0,650.0
social-graph-service,social-graph-service,33.0,226.75,2,2,0,ComposePost,0,0,650.0,650.0
text-service,text-service,389.0,1292.0,2,2,0,ComposePost,0,0,650.0,650.0
url-shorten-service,url-shorten-service,104.5,296.54999999999916,2,2,0,ComposePost,0,0,650.0,650.0
user-mention-service,user-mention-service,58.0,278.75,2,2,0,ComposePost,0,0,650.0,650.0
user-timeline-service,user-timeline-service,39.0,748.75,2,2,0,ComposePost,0,0,650.0,650.0
media-service,media-service,5.0,11.0,2,2,0,ComposePost,0,0,650.0,650.0
unique-id-service,unique-id-service,14.0,24.0,2,2,0,ComposePost,0,0,650.0,650.0
user-service,user-service,4.0,10.0,2,2,0,ComposePost,0,0,650.0,650.0
compose-post-service,compose-post-service,433.0,2040.7999999999984,2,2,0,UserTimeline,0,0,650.0,650.0
home-timeline-service,home-timeline-service,35.0,944.8999999999992,2,2,0,UserTimeline,0,0,650.0,650.0
nginx-web-server,nginx-thrift,505.0,1650.0,2,2,0,UserTimeline,0,0,650.0,650.0
post-storage-service,post-storage-service,27.0,63.19999999999993,2,2,0,UserTimeline,0,0,650.0,650.0
social-graph-service,social-graph-service,33.0,226.75,2,2,0,UserTimeline,0,0,650.0,650.0
text-service,text-service,389.0,1292.0,2,2,0,UserTimeline,0,0,650.0,650.0
url-shorten-service,url-shorten-service,104.5,296.54999999999916,2,2,0,UserTimeline,0,0,650.0,650.0
user-mention-service,user-mention-service,58.0,278.75,2,2,0,UserTimeline,0,0,650.0,650.0
user-timeline-service,user-timeline-service,39.0,748.75,2,2,0,UserTimeline,0,0,650.0,650.0
media-service,media-service,5.0,11.0,2,2,0,UserTimeline,0,0,650.0,650.0
unique-id-service,unique-id-service,14.0,24.0,2,2,0,UserTimeline,0,0,650.0,650.0
user-service,user-service,4.0,10.0,2,2,0,UserTimeline,0,0,650.0,650.0
compose-post-service,compose-post-service,433.0,2040.7999999999984,2,2,0,HomeTimeline,0,0,650.0,650.0
home-timeline-service,home-timeline-service,35.0,944.8999999999992,2,2,0,HomeTimeline,0,0,650.0,650.0
nginx-web-server,nginx-thrift,505.0,1650.0,2,2,0,HomeTimeline,0,0,650.0,650.0
post-storage-service,post-storage-service,27.0,63.19999999999993,2,2,0,HomeTimeline,0,0,650.0,650.0
social-graph-service,social-graph-service,33.0,226.75,2,2,0,HomeTimeline,0,0,650.0,650.0
text-service,text-service,389.0,1292.0,2,2,0,HomeTimeline,0,0,650.0,650.0
url-shorten-service,url-shorten-service,104.5,296.54999999999916,2,2,0,HomeTimeline,0,0,650.0,650.0
user-mention-service,user-mention-service,58.0,278.75,2,2,0,HomeTimeline,0,0,650.0,650.0
user-timeline-service,user-timeline-service,39.0,748.75,2,2,0,HomeTimeline,0,0,650.0,650.0
media-service,media-service,5.0,11.0,2,2,0,HomeTimeline,0,0,650.0,650.0
unique-id-service,unique-id-service,14.0,24.0,2,2,0,HomeTimeline,0,0,650.0,650.0
user-service,user-service,4.0,10.0,2,2,0,HomeTimeline,0,0,650.0,650.0
compose-post-service,compose-post-service,410.0,4557.0,2,2,0,ComposePost,0,0,200.0,200.0
home-timeline-service,home-timeline-service,72.0,946.05,2,2,0,ComposePost,0,0,200.0,200.0
nginx-web-server,nginx-thrift,499.0,1167.9499999999991,2,2,0,ComposePost,0,0,200.0,200.0
post-storage-service,post-storage-service,39.0,92.0,2,2,0,ComposePost,0,0,200.0,200.0
social-graph-service,social-graph-service,51.0,375.6499999999994,2,2,0,ComposePost,0,0,200.0,200.0
text-service,text-service,412.0,2916.749999999999,2,2,0,ComposePost,0,0,200.0,200.0
url-shorten-service,url-shorten-service,143.5,328.3499999999998,2,2,0,ComposePost,0,0,200.0,200.0
user-mention-service,user-mention-service,52.5,387.1999999999998,2,2,0,ComposePost,0,0,200.0,200.0
user-timeline-service,user-timeline-service,46.0,146.44999999999868,2,2,0,ComposePost,0,0,200.0,200.0
media-service,media-service,9.0,13.049999999999955,2,2,0,ComposePost,0,0,200.0,200.0
unique-id-service,unique-id-service,20.0,30.0,2,2,0,ComposePost,0,0,200.0,200.0
user-service,user-service,11.0,16.0,2,2,0,ComposePost,0,0,200.0,200.0
compose-post-service,compose-post-service,410.0,4557.0,2,2,0,UserTimeline,0,0,200.0,200.0
home-timeline-service,home-timeline-service,72.0,946.05,2,2,0,UserTimeline,0,0,200.0,200.0
nginx-web-server,nginx-thrift,499.0,1167.9499999999991,2,2,0,UserTimeline,0,0,200.0,200.0
post-storage-service,post-storage-service,39.0,92.0,2,2,0,UserTimeline,0,0,200.0,200.0
social-graph-service,social-graph-service,51.0,375.6499999999994,2,2,0,UserTimeline,0,0,200.0,200.0
text-service,text-service,412.0,2916.749999999999,2,2,0,UserTimeline,0,0,200.0,200.0
url-shorten-service,url-shorten-service,143.5,328.3499999999998,2,2,0,UserTimeline,0,0,200.0,200.0
user-mention-service,user-mention-service,52.5,387.1999999999998,2,2,0,UserTimeline,0,0,200.0,200.0
user-timeline-service,user-timeline-service,46.0,146.44999999999868,2,2,0,UserTimeline,0,0,200.0,200.0
media-service,media-service,9.0,13.049999999999955,2,2,0,UserTimeline,0,0,200.0,200.0
unique-id-service,unique-id-service,20.0,30.0,2,2,0,UserTimeline,0,0,200.0,200.0
user-service,user-service,11.0,16.0,2,2,0,UserTimeline,0,0,200.0,200.0
compose-post-service,compose-post-service,410.0,4557.0,2,2,0,HomeTimeline,0,0,200.0,200.0
home-timeline-service,home-timeline-service,72.0,946.05,2,2,0,HomeTimeline,0,0,200.0,200.0
nginx-web-server,nginx-thrift,499.0,1167.9499999999991,2,2,0,HomeTimeline,0,0,200.0,200.0
post-storage-service,post-storage-service,39.0,92.0,2,2,0,HomeTimeline,0,0,200.0,200.0
social-graph-service,social-graph-service,51.0,375.6499999999994,2,2,0,HomeTimeline,0,0,200.0,200.0
text-service,text-service,412.0,2916.749999999999,2,2,0,HomeTimeline,0,0,200.0,200.0
url-shorten-service,url-shorten-service,143.5,328.3499999999998,2,2,0,HomeTimeline,0,0,200.0,200.0
user-mention-service,user-mention-service,52.5,387.1999999999998,2,2,0,HomeTimeline,0,0,200.0,200.0
user-timeline-service,user-timeline-service,46.0,146.44999999999868,2,2,0,HomeTimeline,0,0,200.0,200.0
media-service,media-service,9.0,13.049999999999955,2,2,0,HomeTimeline,0,0,200.0,200.0
unique-id-service,unique-id-service,20.0,30.0,2,2,0,HomeTimeline,0,0,200.0,200.0
user-service,user-service,11.0,16.0,2,2,0,HomeTimeline,0,0,200.0,200.0
compose-post-service,compose-post-service,433.0,1934.75,2,2,0,ComposePost,0,0,575.0,575.0
home-timeline-service,home-timeline-service,155.0,1947.3999999999992,2,2,0,ComposePost,0,0,575.0,575.0
nginx-web-server,nginx-thrift,503.0,2551.6499999999996,2,2,0,ComposePost,0,0,575.0,575.0
post-storage-service,post-storage-service,24.5,370.14999999999986,2,2,0,ComposePost,0,0,575.0,575.0
social-graph-service,social-graph-service,49.0,236.0,2,2,0,ComposePost,0,0,575.0,575.0
text-service,text-service,405.0,2094.0,2,2,0,ComposePost,0,0,575.0,575.0
url-shorten-service,url-shorten-service,119.5,431.0,2,2,0,ComposePost,0,0,575.0,575.0
user-mention-service,user-mention-service,45.0,148.24999999999977,2,2,0,ComposePost,0,0,575.0,575.0
user-timeline-service,user-timeline-service,40.5,657.7499999999993,2,2,0,ComposePost,0,0,575.0,575.0
media-service,media-service,6.0,12.049999999999955,2,2,0,ComposePost,0,0,575.0,575.0
unique-id-service,unique-id-service,13.0,24.0,2,2,0,ComposePost,0,0,575.0,575.0
compose-post-service,compose-post-service,433.0,1934.75,2,2,0,UserTimeline,0,0,575.0,575.0
home-timeline-service,home-timeline-service,155.0,1947.3999999999992,2,2,0,UserTimeline,0,0,575.0,575.0
nginx-web-server,nginx-thrift,503.0,2551.6499999999996,2,2,0,UserTimeline,0,0,575.0,575.0
post-storage-service,post-storage-service,24.5,370.14999999999986,2,2,0,UserTimeline,0,0,575.0,575.0
social-graph-service,social-graph-service,49.0,236.0,2,2,0,UserTimeline,0,0,575.0,575.0
text-service,text-service,405.0,2094.0,2,2,0,UserTimeline,0,0,575.0,575.0
url-shorten-service,url-shorten-service,119.5,431.0,2,2,0,UserTimeline,0,0,575.0,575.0
user-mention-service,user-mention-service,45.0,148.24999999999977,2,2,0,UserTimeline,0,0,575.0,575.0
user-timeline-service,user-timeline-service,40.5,657.7499999999993,2,2,0,UserTimeline,0,0,575.0,575.0
media-service,media-service,6.0,12.049999999999955,2,2,0,UserTimeline,0,0,575.0,575.0
unique-id-service,unique-id-service,13.0,24.0,2,2,0,UserTimeline,0,0,575.0,575.0
compose-post-service,compose-post-service,433.0,1934.75,2,2,0,HomeTimeline,0,0,575.0,575.0
home-timeline-service,home-timeline-service,155.0,1947.3999999999992,2,2,0,HomeTimeline,0,0,575.0,575.0
nginx-web-server,nginx-thrift,503.0,2551.6499999999996,2,2,0,HomeTimeline,0,0,575.0,575.0
post-storage-service,post-storage-service,24.5,370.14999999999986,2,2,0,HomeTimeline,0,0,575.0,575.0
social-graph-service,social-graph-service,49.0,236.0,2,2,0,HomeTimeline,0,0,575.0,575.0
text-service,text-service,405.0,2094.0,2,2,0,HomeTimeline,0,0,575.0,575.0
url-shorten-service,url-shorten-service,119.5,431.0,2,2,0,HomeTimeline,0,0,575.0,575.0
user-mention-service,user-mention-service,45.0,148.24999999999977,2,2,0,HomeTimeline,0,0,575.0,575.0
user-timeline-service,user-timeline-service,40.5,657.7499999999993,2,2,0,HomeTimeline,0,0,575.0,575.0
media-service,media-service,6.0,12.049999999999955,2,2,0,HomeTimeline,0,0,575.0,575.0
unique-id-service,unique-id-service,13.0,24.0,2,2,0,HomeTimeline,0,0,575.0,575.0
compose-post-service,compose-post-service,457.0,5831.0,2,2,0,ComposePost,0,0,125.0,125.0
home-timeline-service,home-timeline-service,74.0,571.4499999999996,2,2,0,ComposePost,0,0,125.0,125.0
nginx-web-server,nginx-thrift,555.0,2493.1499999999996,2,2,0,ComposePost,0,0,125.0,125.0
post-storage-service,post-storage-service,42.0,113.0,2,2,0,ComposePost,0,0,125.0,125.0
social-graph-service,social-graph-service,62.0,341.0,2,2,0,ComposePost,0,0,125.0,125.0
text-service,text-service,343.5,1128.0,2,2,0,ComposePost,0,0,125.0,125.0
url-shorten-service,url-shorten-service,134.0,261.0,2,2,0,ComposePost,0,0,125.0,125.0
user-mention-service,user-mention-service,60.0,162.69999999999936,2,2,0,ComposePost,0,0,125.0,125.0
user-timeline-service,user-timeline-service,55.0,220.99999999999818,2,2,0,ComposePost,0,0,125.0,125.0
media-service,media-service,9.0,15.0,2,2,0,ComposePost,0,0,125.0,125.0
unique-id-service,unique-id-service,20.0,30.0,2,2,0,ComposePost,0,0,125.0,125.0
user-service,user-service,7.0,13.0,2,2,0,ComposePost,0,0,125.0,125.0
compose-post-service,compose-post-service,457.0,5831.0,2,2,0,UserTimeline,0,0,125.0,125.0
home-timeline-service,home-timeline-service,74.0,571.4499999999996,2,2,0,UserTimeline,0,0,125.0,125.0
nginx-web-server,nginx-thrift,555.0,2493.1499999999996,2,2,0,UserTimeline,0,0,125.0,125.0
post-storage-service,post-storage-service,42.0,113.0,2,2,0,UserTimeline,0,0,125.0,125.0
social-graph-service,social-graph-service,62.0,341.0,2,2,0,UserTimeline,0,0,125.0,125.0
text-service,text-service,343.5,1128.0,2,2,0,UserTimeline,0,0,125.0,125.0
url-shorten-service,url-shorten-service,134.0,261.0,2,2,0,UserTimeline,0,0,125.0,125.0
user-mention-service,user-mention-service,60.0,162.69999999999936,2,2,0,UserTimeline,0,0,125.0,125.0
user-timeline-service,user-timeline-service,55.0,220.99999999999818,2,2,0,UserTimeline,0,0,125.0,125.0
media-service,media-service,9.0,15.0,2,2,0,UserTimeline,0,0,125.0,125.0
unique-id-service,unique-id-service,20.0,30.0,2,2,0,UserTimeline,0,0,125.0,125.0
user-service,user-service,7.0,13.0,2,2,0,UserTimeline,0,0,125.0,125.0
compose-post-service,compose-post-service,457.0,5831.0,2,2,0,HomeTimeline,0,0,125.0,125.0
home-timeline-service,home-timeline-service,74.0,571.4499999999996,2,2,0,HomeTimeline,0,0,125.0,125.0
nginx-web-server,nginx-thrift,555.0,2493.1499999999996,2,2,0,HomeTimeline,0,0,125.0,125.0
post-storage-service,post-storage-service,42.0,113.0,2,2,0,HomeTimeline,0,0,125.0,125.0
social-graph-service,social-graph-service,62.0,341.0,2,2,0,HomeTimeline,0,0,125.0,125.0
text-service,text-service,343.5,1128.0,2,2,0,HomeTimeline,0,0,125.0,125.0
url-shorten-service,url-shorten-service,134.0,261.0,2,2,0,HomeTimeline,0,0,125.0,125.0
user-mention-service,user-mention-service,60.0,162.69999999999936,2,2,0,HomeTimeline,0,0,125.0,125.0
user-timeline-service,user-timeline-service,55.0,220.99999999999818,2,2,0,HomeTimeline,0,0,125.0,125.0
media-service,media-service,9.0,15.0,2,2,0,HomeTimeline,0,0,125.0,125.0
unique-id-service,unique-id-service,20.0,30.0,2,2,0,HomeTimeline,0,0,125.0,125.0
user-service,user-service,7.0,13.0,2,2,0,HomeTimeline,0,0,125.0,125.0
compose-post-service,compose-post-service,438.5,2431.0,2,2,0,ComposePost,0,0,325.0,325.0
home-timeline-service,home-timeline-service,45.0,869.599999999999,2,2,0,ComposePost,0,0,325.0,325.0
nginx-web-server,nginx-thrift,538.0,1625.999999999999,2,2,0,ComposePost,0,0,325.0,325.0
post-storage-service,post-storage-service,26.0,85.60000000000002,2,2,0,ComposePost,0,0,325.0,325.0
social-graph-service,social-graph-service,38.0,271.54999999999995,2,2,0,ComposePost,0,0,325.0,325.0
text-service,text-service,376.0,2596.0,2,2,0,ComposePost,0,0,325.0,325.0
url-shorten-service,url-shorten-service,126.0,556.5999999999999,2,2,0,ComposePost,0,0,325.0,325.0
user-mention-service,user-mention-service,47.5,163.0,2,2,0,ComposePost,0,0,325.0,325.0
user-timeline-service,user-timeline-service,40.0,529.649999999999,2,2,0,ComposePost,0,0,325.0,325.0
media-service,media-service,6.0,12.0,2,2,0,ComposePost,0,0,325.0,325.0
unique-id-service,unique-id-service,20.0,30.900000000000034,2,2,0,ComposePost,0,0,325.0,325.0
user-service,user-service,10.0,16.0,2,2,0,ComposePost,0,0,325.0,325.0
compose-post-service,compose-post-service,438.5,2431.0,2,2,0,UserTimeline,0,0,325.0,325.0
home-timeline-service,home-timeline-service,45.0,869.599999999999,2,2,0,UserTimeline,0,0,325.0,325.0
nginx-web-server,nginx-thrift,538.0,1625.999999999999,2,2,0,UserTimeline,0,0,325.0,325.0
post-storage-service,post-storage-service,26.0,85.60000000000002,2,2,0,UserTimeline,0,0,325.0,325.0
social-graph-service,social-graph-service,38.0,271.54999999999995,2,2,0,UserTimeline,0,0,325.0,325.0
text-service,text-service,376.0,2596.0,2,2,0,UserTimeline,0,0,325.0,325.0
url-shorten-service,url-shorten-service,126.0,556.5999999999999,2,2,0,UserTimeline,0,0,325.0,325.0
user-mention-service,user-mention-service,47.5,163.0,2,2,0,UserTimeline,0,0,325.0,325.0
user-timeline-service,user-timeline-service,40.0,529.649999999999,2,2,0,UserTimeline,0,0,325.0,325.0
media-service,media-service,6.0,12.0,2,2,0,UserTimeline,0,0,325.0,325.0
unique-id-service,unique-id-service,20.0,30.900000000000034,2,2,0,UserTimeline,0,0,325.0,325.0
user-service,user-service,10.0,16.0,2,2,0,UserTimeline,0,0,325.0,325.0
compose-post-service,compose-post-service,438.5,2431.0,2,2,0,HomeTimeline,0,0,325.0,325.0
home-timeline-service,home-timeline-service,45.0,869.599999999999,2,2,0,HomeTimeline,0,0,325.0,325.0
nginx-web-server,nginx-thrift,538.0,1625.999999999999,2,2,0,HomeTimeline,0,0,325.0,325.0
post-storage-service,post-storage-service,26.0,85.60000000000002,2,2,0,HomeTimeline,0,0,325.0,325.0
social-graph-service,social-graph-service,38.0,271.54999999999995,2,2,0,HomeTimeline,0,0,325.0,325.0
text-service,text-service,376.0,2596.0,2,2,0,HomeTimeline,0,0,325.0,325.0
url-shorten-service,url-shorten-service,126.0,556.5999999999999,2,2,0,HomeTimeline,0,0,325.0,325.0
user-mention-service,user-mention-service,47.5,163.0,2,2,0,HomeTimeline,0,0,325.0,325.0
user-timeline-service,user-timeline-service,40.0,529.649999999999,2,2,0,HomeTimeline,0,0,325.0,325.0
media-service,media-service,6.0,12.0,2,2,0,HomeTimeline,0,0,325.0,325.0
unique-id-service,unique-id-service,20.0,30.900000000000034,2,2,0,HomeTimeline,0,0,325.0,325.0
user-service,user-service,10.0,16.0,2,2,0,HomeTimeline,0,0,325.0,325.0
compose-post-service,compose-post-service,363.0,1429.0,2,2,0,ComposePost,0,0,450.0,450.0
home-timeline-service,home-timeline-service,42.5,884.0,2,2,0,ComposePost,0,0,450.0,450.0
nginx-web-server,nginx-thrift,518.0,1732.9499999999994,2,2,0,ComposePost,0,0,450.0,450.0
post-storage-service,post-storage-service,27.5,468.99999999999227,2,2,0,ComposePost,0,0,450.0,450.0
social-graph-service,social-graph-service,51.0,280.0,2,2,0,ComposePost,0,0,450.0,450.0
text-service,text-service,362.0,1569.2500000000002,2,2,0,ComposePost,0,0,450.0,450.0
url-shorten-service,url-shorten-service,117.0,296.59999999999997,2,2,0,ComposePost,0,0,450.0,450.0
user-mention-service,user-mention-service,68.0,2132.0,2,2,0,ComposePost,0,0,450.0,450.0
user-timeline-service,user-timeline-service,42.5,519.0,2,2,0,ComposePost,0,0,450.0,450.0
media-service,media-service,8.0,13.0,2,2,0,ComposePost,0,0,450.0,450.0
unique-id-service,unique-id-service,16.0,25.0,2,2,0,ComposePost,0,0,450.0,450.0
user-service,user-service,9.0,15.0,2,2,0,ComposePost,0,0,450.0,450.0
compose-post-service,compose-post-service,363.0,1429.0,2,2,0,UserTimeline,0,0,450.0,450.0
home-timeline-service,home-timeline-service,42.5,884.0,2,2,0,UserTimeline,0,0,450.0,450.0
nginx-web-server,nginx-thrift,518.0,1732.9499999999994,2,2,0,UserTimeline,0,0,450.0,450.0
post-storage-service,post-storage-service,27.5,468.99999999999227,2,2,0,UserTimeline,0,0,450.0,450.0
social-graph-service,social-graph-service,51.0,280.0,2,2,0,UserTimeline,0,0,450.0,450.0
text-service,text-service,362.0,1569.2500000000002,2,2,0,UserTimeline,0,0,450.0,450.0
url-shorten-service,url-shorten-service,117.0,296.59999999999997,2,2,0,UserTimeline,0,0,450.0,450.0
user-mention-service,user-mention-service,68.0,2132.0,2,2,0,UserTimeline,0,0,450.0,450.0
user-timeline-service,user-timeline-service,42.5,519.0,2,2,0,UserTimeline,0,0,450.0,450.0
media-service,media-service,8.0,13.0,2,2,0,UserTimeline,0,0,450.0,450.0
unique-id-service,unique-id-service,16.0,25.0,2,2,0,UserTimeline,0,0,450.0,450.0
user-service,user-service,9.0,15.0,2,2,0,UserTimeline,0,0,450.0,450.0
compose-post-service,compose-post-service,363.0,1429.0,2,2,0,HomeTimeline,0,0,450.0,450.0
home-timeline-service,home-timeline-service,42.5,884.0,2,2,0,HomeTimeline,0,0,450.0,450.0
nginx-web-server,nginx-thrift,518.0,1732.9499999999994,2,2,0,HomeTimeline,0,0,450.0,450.0
post-storage-service,post-storage-service,27.5,468.99999999999227,2,2,0,HomeTimeline,0,0,450.0,450.0
social-graph-service,social-graph-service,51.0,280.0,2,2,0,HomeTimeline,0,0,450.0,450.0
text-service,text-service,362.0,1569.2500000000002,2,2,0,HomeTimeline,0,0,450.0,450.0
url-shorten-service,url-shorten-service,117.0,296.59999999999997,2,2,0,HomeTimeline,0,0,450.0,450.0
user-mention-service,user-mention-service,68.0,2132.0,2,2,0,HomeTimeline,0,0,450.0,450.0
user-timeline-service,user-timeline-service,42.5,519.0,2,2,0,HomeTimeline,0,0,450.0,450.0
media-service,media-service,8.0,13.0,2,2,0,HomeTimeline,0,0,450.0,450.0
unique-id-service,unique-id-service,16.0,25.0,2,2,0,HomeTimeline,0,0,450.0,450.0
user-service,user-service,9.0,15.0,2,2,0,HomeTimeline,0,0,450.0,450.0
compose-post-service,compose-post-service,427.5,2690.0,2,2,0,ComposePost,0,0,375.0,375.0
home-timeline-service,home-timeline-service,41.0,775.9000000000001,2,2,0,ComposePost,0,0,375.0,375.0
nginx-web-server,nginx-thrift,527.5,1554.05,2,2,0,ComposePost,0,0,375.0,375.0
post-storage-service,post-storage-service,32.0,111.64999999999941,2,2,0,ComposePost,0,0,375.0,375.0
social-graph-service,social-graph-service,40.0,438.0,2,2,0,ComposePost,0,0,375.0,375.0
text-service,text-service,346.0,1193.0,2,2,0,ComposePost,0,0,375.0,375.0
url-shorten-service,url-shorten-service,128.0,303.0,2,2,0,ComposePost,0,0,375.0,375.0
user-mention-service,user-mention-service,59.0,705.2999999999997,2,2,0,ComposePost,0,0,375.0,375.0
user-timeline-service,user-timeline-service,47.0,440.5499999999986,2,2,0,ComposePost,0,0,375.0,375.0
media-service,media-service,8.0,13.0,2,2,0,ComposePost,0,0,375.0,375.0
unique-id-service,unique-id-service,13.0,28.0,2,2,0,ComposePost,0,0,375.0,375.0
user-service,user-service,8.0,13.0,2,2,0,ComposePost,0,0,375.0,375.0
compose-post-service,compose-post-service,427.5,2690.0,2,2,0,UserTimeline,0,0,375.0,375.0
home-timeline-service,home-timeline-service,41.0,775.9000000000001,2,2,0,UserTimeline,0,0,375.0,375.0
nginx-web-server,nginx-thrift,527.5,1554.05,2,2,0,UserTimeline,0,0,375.0,375.0
post-storage-service,post-storage-service,32.0,111.64999999999941,2,2,0,UserTimeline,0,0,375.0,375.0
social-graph-service,social-graph-service,40.0,438.0,2,2,0,UserTimeline,0,0,375.0,375.0
text-service,text-service,346.0,1193.0,2,2,0,UserTimeline,0,0,375.0,375.0
url-shorten-service,url-shorten-service,128.0,303.0,2,2,0,UserTimeline,0,0,375.0,375.0
user-mention-service,user-mention-service,59.0,705.2999999999997,2,2,0,UserTimeline,0,0,375.0,375.0
user-timeline-service,user-timeline-service,47.0,440.5499999999986,2,2,0,UserTimeline,0,0,375.0,375.0
media-service,media-service,8.0,13.0,2,2,0,UserTimeline,0,0,375.0,375.0
unique-id-service,unique-id-service,13.0,28.0,2,2,0,UserTimeline,0,0,375.0,375.0
user-service,user-service,8.0,13.0,2,2,0,UserTimeline,0,0,375.0,375.0
compose-post-service,compose-post-service,427.5,2690.0,2,2,0,HomeTimeline,0,0,375.0,375.0
home-timeline-service,home-timeline-service,41.0,775.9000000000001,2,2,0,HomeTimeline,0,0,375.0,375.0
nginx-web-server,nginx-thrift,527.5,1554.05,2,2,0,HomeTimeline,0,0,375.0,375.0
post-storage-service,post-storage-service,32.0,111.64999999999941,2,2,0,HomeTimeline,0,0,375.0,375.0
social-graph-service,social-graph-service,40.0,438.0,2,2,0,HomeTimeline,0,0,375.0,375.0
text-service,text-service,346.0,1193.0,2,2,0,HomeTimeline,0,0,375.0,375.0
url-shorten-service,url-shorten-service,128.0,303.0,2,2,0,HomeTimeline,0,0,375.0,375.0
user-mention-service,user-mention-service,59.0,705.2999999999997,2,2,0,HomeTimeline,0,0,375.0,375.0
user-timeline-service,user-timeline-service,47.0,440.5499999999986,2,2,0,HomeTimeline,0,0,375.0,375.0
media-service,media-service,8.0,13.0,2,2,0,HomeTimeline,0,0,375.0,375.0
unique-id-service,unique-id-service,13.0,28.0,2,2,0,HomeTimeline,0,0,375.0,375.0
user-service,user-service,8.0,13.0,2,2,0,HomeTimeline,0,0,375.0,375.0
compose-post-service,compose-post-service,442.0,2262.25,2,2,0,ComposePost,0,0,400.0,400.0
home-timeline-service,home-timeline-service,47.0,1109.3999999999996,2,2,0,ComposePost,0,0,400.0,400.0
nginx-web-server,nginx-thrift,526.0,1992.5,2,2,0,ComposePost,0,0,400.0,400.0
post-storage-service,post-storage-service,23.0,108.24999999999977,2,2,0,ComposePost,0,0,400.0,400.0
social-graph-service,social-graph-service,39.0,740.749999999993,2,2,0,ComposePost,0,0,400.0,400.0
text-service,text-service,429.0,2072.599999999998,2,2,0,ComposePost,0,0,400.0,400.0
url-shorten-service,url-shorten-service,119.0,379.79999999999995,2,2,0,ComposePost,0,0,400.0,400.0
user-mention-service,user-mention-service,64.0,311.2499999999998,2,2,0,ComposePost,0,0,400.0,400.0
user-timeline-service,user-timeline-service,42.5,765.149999999998,2,2,0,ComposePost,0,0,400.0,400.0
media-service,media-service,4.0,7.0,2,2,0,ComposePost,0,0,400.0,400.0
unique-id-service,unique-id-service,14.0,25.0,2,2,0,ComposePost,0,0,400.0,400.0
user-service,user-service,8.0,14.049999999999955,2,2,0,ComposePost,0,0,400.0,400.0
compose-post-service,compose-post-service,442.0,2262.25,2,2,0,UserTimeline,0,0,400.0,400.0
home-timeline-service,home-timeline-service,47.0,1109.3999999999996,2,2,0,UserTimeline,0,0,400.0,400.0
nginx-web-server,nginx-thrift,526.0,1992.5,2,2,0,UserTimeline,0,0,400.0,400.0
post-storage-service,post-storage-service,23.0,108.24999999999977,2,2,0,UserTimeline,0,0,400.0,400.0
social-graph-service,social-graph-service,39.0,740.749999999993,2,2,0,UserTimeline,0,0,400.0,400.0
text-service,text-service,429.0,2072.599999999998,2,2,0,UserTimeline,0,0,400.0,400.0
url-shorten-service,url-shorten-service,119.0,379.79999999999995,2,2,0,UserTimeline,0,0,400.0,400.0
user-mention-service,user-mention-service,64.0,311.2499999999998,2,2,0,UserTimeline,0,0,400.0,400.0
user-timeline-service,user-timeline-service,42.5,765.149999999998,2,2,0,UserTimeline,0,0,400.0,400.0
media-service,media-service,4.0,7.0,2,2,0,UserTimeline,0,0,400.0,400.0
unique-id-service,unique-id-service,14.0,25.0,2,2,0,UserTimeline,0,0,400.0,400.0
user-service,user-service,8.0,14.049999999999955,2,2,0,UserTimeline,0,0,400.0,400.0
compose-post-service,compose-post-service,442.0,2262.25,2,2,0,HomeTimeline,0,0,400.0,400.0
home-timeline-service,home-timeline-service,47.0,1109.3999999999996,2,2,0,HomeTimeline,0,0,400.0,400.0
nginx-web-server,nginx-thrift,526.0,1992.5,2,2,0,HomeTimeline,0,0,400.0,400.0
post-storage-service,post-storage-service,23.0,108.24999999999977,2,2,0,HomeTimeline,0,0,400.0,400.0
social-graph-service,social-graph-service,39.0,740.749999999993,2,2,0,HomeTimeline,0,0,400.0,400.0
text-service,text-service,429.0,2072.599999999998,2,2,0,HomeTimeline,0,0,400.0,400.0
url-shorten-service,url-shorten-service,119.0,379.79999999999995,2,2,0,HomeTimeline,0,0,400.0,400.0
user-mention-service,user-mention-service,64.0,311.2499999999998,2,2,0,HomeTimeline,0,0,400.0,400.0
user-timeline-service,user-timeline-service,42.5,765.149999999998,2,2,0,HomeTimeline,0,0,400.0,400.0
media-service,media-service,4.0,7.0,2,2,0,HomeTimeline,0,0,400.0,400.0
unique-id-service,unique-id-service,14.0,25.0,2,2,0,HomeTimeline,0,0,400.0,400.0
user-service,user-service,8.0,14.049999999999955,2,2,0,HomeTimeline,0,0,400.0,400.0
compose-post-service,compose-post-service,1090.0,11069.0,2,2,0,ComposePost,0,0,50.0,50.0
home-timeline-service,home-timeline-service,59.0,454.54999999999995,2,2,0,ComposePost,0,0,50.0,50.0
nginx-web-server,nginx-thrift,603.5,1532.5999999999995,2,2,0,ComposePost,0,0,50.0,50.0
post-storage-service,post-storage-service,45.0,113.34999999999968,2,2,0,ComposePost,0,0,50.0,50.0
social-graph-service,social-graph-service,67.0,242.0,2,2,0,ComposePost,0,0,50.0,50.0
text-service,text-service,362.0,1021.0,2,2,0,ComposePost,0,0,50.0,50.0
url-shorten-service,url-shorten-service,138.0,295.79999999999995,2,2,0,ComposePost,0,0,50.0,50.0
user-mention-service,user-mention-service,72.0,228.5499999999995,2,2,0,ComposePost,0,0,50.0,50.0
user-timeline-service,user-timeline-service,63.0,131.0999999999999,2,2,0,ComposePost,0,0,50.0,50.0
media-service,media-service,11.0,15.0,2,2,0,ComposePost,0,0,50.0,50.0
unique-id-service,unique-id-service,20.0,31.0,2,2,0,ComposePost,0,0,50.0,50.0
user-service,user-service,11.0,16.0,2,2,0,ComposePost,0,0,50.0,50.0
compose-post-service,compose-post-service,1090.0,11069.0,2,2,0,UserTimeline,0,0,50.0,50.0
home-timeline-service,home-timeline-service,59.0,454.54999999999995,2,2,0,UserTimeline,0,0,50.0,50.0
nginx-web-server,nginx-thrift,603.5,1532.5999999999995,2,2,0,UserTimeline,0,0,50.0,50.0
post-storage-service,post-storage-service,45.0,113.34999999999968,2,2,0,UserTimeline,0,0,50.0,50.0
social-graph-service,social-graph-service,67.0,242.0,2,2,0,UserTimeline,0,0,50.0,50.0
text-service,text-service,362.0,1021.0,2,2,0,UserTimeline,0,0,50.0,50.0
url-shorten-service,url-shorten-service,138.0,295.79999999999995,2,2,0,UserTimeline,0,0,50.0,50.0
user-mention-service,user-mention-service,72.0,228.5499999999995,2,2,0,UserTimeline,0,0,50.0,50.0
user-timeline-service,user-timeline-service,63.0,131.0999999999999,2,2,0,UserTimeline,0,0,50.0,50.0
media-service,media-service,11.0,15.0,2,2,0,UserTimeline,0,0,50.0,50.0
unique-id-service,unique-id-service,20.0,31.0,2,2,0,UserTimeline,0,0,50.0,50.0
user-service,user-service,11.0,16.0,2,2,0,UserTimeline,0,0,50.0,50.0
compose-post-service,compose-post-service,1090.0,11069.0,2,2,0,HomeTimeline,0,0,50.0,50.0
home-timeline-service,home-timeline-service,59.0,454.54999999999995,2,2,0,HomeTimeline,0,0,50.0,50.0
nginx-web-server,nginx-thrift,603.5,1532.5999999999995,2,2,0,HomeTimeline,0,0,50.0,50.0
post-storage-service,post-storage-service,45.0,113.34999999999968,2,2,0,HomeTimeline,0,0,50.0,50.0
social-graph-service,social-graph-service,67.0,242.0,2,2,0,HomeTimeline,0,0,50.0,50.0
text-service,text-service,362.0,1021.0,2,2,0,HomeTimeline,0,0,50.0,50.0
url-shorten-service,url-shorten-service,138.0,295.79999999999995,2,2,0,HomeTimeline,0,0,50.0,50.0
user-mention-service,user-mention-service,72.0,228.5499999999995,2,2,0,HomeTimeline,0,0,50.0,50.0
user-timeline-service,user-timeline-service,63.0,131.0999999999999,2,2,0,HomeTimeline,0,0,50.0,50.0
media-service,media-service,11.0,15.0,2,2,0,HomeTimeline,0,0,50.0,50.0
unique-id-service,unique-id-service,20.0,31.0,2,2,0,HomeTimeline,0,0,50.0,50.0
user-service,user-service,11.0,16.0,2,2,0,HomeTimeline,0,0,50.0,50.0
compose-post-service,compose-post-service,521.0,5226.0,2,2,0,ComposePost,0,0,250.0,250.0
home-timeline-service,home-timeline-service,49.5,705.5499999999995,2,2,0,ComposePost,0,0,250.0,250.0
nginx-web-server,nginx-thrift,500.0,1266.8499999999992,2,2,0,ComposePost,0,0,250.0,250.0
post-storage-service,post-storage-service,29.0,93.0,2,2,0,ComposePost,0,0,250.0,250.0
social-graph-service,social-graph-service,42.0,468.39999999999964,2,2,0,ComposePost,0,0,250.0,250.0
text-service,text-service,365.0,2611.099999999999,2,2,0,ComposePost,0,0,250.0,250.0
url-shorten-service,url-shorten-service,124.0,339.6000000000003,2,2,0,ComposePost,0,0,250.0,250.0
user-mention-service,user-mention-service,63.0,3851.2499999999764,2,2,0,ComposePost,0,0,250.0,250.0
user-timeline-service,user-timeline-service,56.0,472.2499999999998,2,2,0,ComposePost,0,0,250.0,250.0
media-service,media-service,9.0,15.0,2,2,0,ComposePost,0,0,250.0,250.0
unique-id-service,unique-id-service,15.0,25.0,2,2,0,ComposePost,0,0,250.0,250.0
user-service,user-service,11.0,17.0,2,2,0,ComposePost,0,0,250.0,250.0
compose-post-service,compose-post-service,521.0,5226.0,2,2,0,UserTimeline,0,0,250.0,250.0
home-timeline-service,home-timeline-service,49.5,705.5499999999995,2,2,0,UserTimeline,0,0,250.0,250.0
nginx-web-server,nginx-thrift,500.0,1266.8499999999992,2,2,0,UserTimeline,0,0,250.0,250.0
post-storage-service,post-storage-service,29.0,93.0,2,2,0,UserTimeline,0,0,250.0,250.0
social-graph-service,social-graph-service,42.0,468.39999999999964,2,2,0,UserTimeline,0,0,250.0,250.0
text-service,text-service,365.0,2611.099999999999,2,2,0,UserTimeline,0,0,250.0,250.0
url-shorten-service,url-shorten-service,124.0,339.6000000000003,2,2,0,UserTimeline,0,0,250.0,250.0
user-mention-service,user-mention-service,63.0,3851.2499999999764,2,2,0,UserTimeline,0,0,250.0,250.0
user-timeline-service,user-timeline-service,56.0,472.2499999999998,2,2,0,UserTimeline,0,0,250.0,250.0
media-service,media-service,9.0,15.0,2,2,0,UserTimeline,0,0,250.0,250.0
unique-id-service,unique-id-service,15.0,25.0,2,2,0,UserTimeline,0,0,250.0,250.0
user-service,user-service,11.0,17.0,2,2,0,UserTimeline,0,0,250.0,250.0
compose-post-service,compose-post-service,521.0,5226.0,2,2,0,HomeTimeline,0,0,250.0,250.0
home-timeline-service,home-timeline-service,49.5,705.5499999999995,2,2,0,HomeTimeline,0,0,250.0,250.0
nginx-web-server,nginx-thrift,500.0,1266.8499999999992,2,2,0,HomeTimeline,0,0,250.0,250.0
post-storage-service,post-storage-service,29.0,93.0,2,2,0,HomeTimeline,0,0,250.0,250.0
social-graph-service,social-graph-service,42.0,468.39999999999964,2,2,0,HomeTimeline,0,0,250.0,250.0
text-service,text-service,365.0,2611.099999999999,2,2,0,HomeTimeline,0,0,250.0,250.0
url-shorten-service,url-shorten-service,124.0,339.6000000000003,2,2,0,HomeTimeline,0,0,250.0,250.0
user-mention-service,user-mention-service,63.0,3851.2499999999764,2,2,0,HomeTimeline,0,0,250.0,250.0
user-timeline-service,user-timeline-service,56.0,472.2499999999998,2,2,0,HomeTimeline,0,0,250.0,250.0
media-service,media-service,9.0,15.0,2,2,0,HomeTimeline,0,0,250.0,250.0
unique-id-service,unique-id-service,15.0,25.0,2,2,0,HomeTimeline,0,0,250.0,250.0
user-service,user-service,11.0,17.0,2,2,0,HomeTimeline,0,0,250.0,250.0
compose-post-service,compose-post-service,483.0,2456.5999999999967,2,2,0,ComposePost,0,0,600.0,600.0
home-timeline-service,home-timeline-service,36.0,1592.6499999999999,2,2,0,ComposePost,0,0,600.0,600.0
nginx-web-server,nginx-thrift,490.0,2221.399999999998,2,2,0,ComposePost,0,0,600.0,600.0
post-storage-service,post-storage-service,24.0,59.149999999999864,2,2,0,ComposePost,0,0,600.0,600.0
social-graph-service,social-graph-service,34.0,169.0,2,2,0,ComposePost,0,0,600.0,600.0
text-service,text-service,564.5,2094.3499999999985,2,2,0,ComposePost,0,0,600.0,600.0
url-shorten-service,url-shorten-service,108.5,398.65000000000003,2,2,0,ComposePost,0,0,600.0,600.0
user-mention-service,user-mention-service,44.0,132.0,2,2,0,ComposePost,0,0,600.0,600.0
user-timeline-service,user-timeline-service,40.0,547.199999999998,2,2,0,ComposePost,0,0,600.0,600.0
unique-id-service,unique-id-service,13.0,24.049999999999955,2,2,0,ComposePost,0,0,600.0,600.0
user-service,user-service,5.0,12.0,2,2,0,ComposePost,0,0,600.0,600.0
compose-post-service,compose-post-service,483.0,2456.5999999999967,2,2,0,UserTimeline,0,0,600.0,600.0
home-timeline-service,home-timeline-service,36.0,1592.6499999999999,2,2,0,UserTimeline,0,0,600.0,600.0
nginx-web-server,nginx-thrift,490.0,2221.399999999998,2,2,0,UserTimeline,0,0,600.0,600.0
post-storage-service,post-storage-service,24.0,59.149999999999864,2,2,0,UserTimeline,0,0,600.0,600.0
social-graph-service,social-graph-service,34.0,169.0,2,2,0,UserTimeline,0,0,600.0,600.0
text-service,text-service,564.5,2094.3499999999985,2,2,0,UserTimeline,0,0,600.0,600.0
url-shorten-service,url-shorten-service,108.5,398.65000000000003,2,2,0,UserTimeline,0,0,600.0,600.0
user-mention-service,user-mention-service,44.0,132.0,2,2,0,UserTimeline,0,0,600.0,600.0
user-timeline-service,user-timeline-service,40.0,547.199999999998,2,2,0,UserTimeline,0,0,600.0,600.0
unique-id-service,unique-id-service,13.0,24.049999999999955,2,2,0,UserTimeline,0,0,600.0,600.0
user-service,user-service,5.0,12.0,2,2,0,UserTimeline,0,0,600.0,600.0
compose-post-service,compose-post-service,483.0,2456.5999999999967,2,2,0,HomeTimeline,0,0,600.0,600.0
home-timeline-service,home-timeline-service,36.0,1592.6499999999999,2,2,0,HomeTimeline,0,0,600.0,600.0
nginx-web-server,nginx-thrift,490.0,2221.399999999998,2,2,0,HomeTimeline,0,0,600.0,600.0
post-storage-service,post-storage-service,24.0,59.149999999999864,2,2,0,HomeTimeline,0,0,600.0,600.0
social-graph-service,social-graph-service,34.0,169.0,2,2,0,HomeTimeline,0,0,600.0,600.0
text-service,text-service,564.5,2094.3499999999985,2,2,0,HomeTimeline,0,0,600.0,600.0
url-shorten-service,url-shorten-service,108.5,398.65000000000003,2,2,0,HomeTimeline,0,0,600.0,600.0
user-mention-service,user-mention-service,44.0,132.0,2,2,0,HomeTimeline,0,0,600.0,600.0
user-timeline-service,user-timeline-service,40.0,547.199999999998,2,2,0,HomeTimeline,0,0,600.0,600.0
unique-id-service,unique-id-service,13.0,24.049999999999955,2,2,0,HomeTimeline,0,0,600.0,600.0
user-service,user-service,5.0,12.0,2,2,0,HomeTimeline,0,0,600.0,600.0
compose-post-service,compose-post-service,498.0,2793.0,2,2,0,ComposePost,0,0,175.0,175.0
home-timeline-service,home-timeline-service,72.0,709.6999999999991,2,2,0,ComposePost,0,0,175.0,175.0
nginx-web-server,nginx-thrift,571.0,3666.649999999995,2,2,0,ComposePost,0,0,175.0,175.0
post-storage-service,post-storage-service,41.0,199.89999999999827,2,2,0,ComposePost,0,0,175.0,175.0
social-graph-service,social-graph-service,42.0,122.0,2,2,0,ComposePost,0,0,175.0,175.0
text-service,text-service,610.0,3462.0,2,2,0,ComposePost,0,0,175.0,175.0
url-shorten-service,url-shorten-service,135.0,463.25,2,2,0,ComposePost,0,0,175.0,175.0
user-mention-service,user-mention-service,53.5,839.4499999999996,2,2,0,ComposePost,0,0,175.0,175.0
user-timeline-service,user-timeline-service,57.0,539.6499999999994,2,2,0,ComposePost,0,0,175.0,175.0
media-service,media-service,9.0,15.0,2,2,0,ComposePost,0,0,175.0,175.0
unique-id-service,unique-id-service,20.0,29.049999999999955,2,2,0,ComposePost,0,0,175.0,175.0
user-service,user-service,9.0,16.0,2,2,0,ComposePost,0,0,175.0,175.0
compose-post-service,compose-post-service,498.0,2793.0,2,2,0,UserTimeline,0,0,175.0,175.0
home-timeline-service,home-timeline-service,72.0,709.6999999999991,2,2,0,UserTimeline,0,0,175.0,175.0
nginx-web-server,nginx-thrift,571.0,3666.649999999995,2,2,0,UserTimeline,0,0,175.0,175.0
post-storage-service,post-storage-service,41.0,199.89999999999827,2,2,0,UserTimeline,0,0,175.0,175.0
social-graph-service,social-graph-service,42.0,122.0,2,2,0,UserTimeline,0,0,175.0,175.0
text-service,text-service,610.0,3462.0,2,2,0,UserTimeline,0,0,175.0,175.0
url-shorten-service,url-shorten-service,135.0,463.25,2,2,0,UserTimeline,0,0,175.0,175.0
user-mention-service,user-mention-service,53.5,839.4499999999996,2,2,0,UserTimeline,0,0,175.0,175.0
user-timeline-service,user-timeline-service,57.0,539.6499999999994,2,2,0,UserTimeline,0,0,175.0,175.0
media-service,media-service,9.0,15.0,2,2,0,UserTimeline,0,0,175.0,175.0
unique-id-service,unique-id-service,20.0,29.049999999999955,2,2,0,UserTimeline,0,0,175.0,175.0
user-service,user-service,9.0,16.0,2,2,0,UserTimeline,0,0,175.0,175.0
compose-post-service,compose-post-service,498.0,2793.0,2,2,0,HomeTimeline,0,0,175.0,175.0
home-timeline-service,home-timeline-service,72.0,709.6999999999991,2,2,0,HomeTimeline,0,0,175.0,175.0
nginx-web-server,nginx-thrift,571.0,3666.649999999995,2,2,0,HomeTimeline,0,0,175.0,175.0
post-storage-service,post-storage-service,41.0,199.89999999999827,2,2,0,HomeTimeline,0,0,175.0,175.0
social-graph-service,social-graph-service,42.0,122.0,2,2,0,HomeTimeline,0,0,175.0,175.0
text-service,text-service,610.0,3462.0,2,2,0,HomeTimeline,0,0,175.0,175.0
url-shorten-service,url-shorten-service,135.0,463.25,2,2,0,HomeTimeline,0,0,175.0,175.0
user-mention-service,user-mention-service,53.5,839.4499999999996,2,2,0,HomeTimeline,0,0,175.0,175.0
user-timeline-service,user-timeline-service,57.0,539.6499999999994,2,2,0,HomeTimeline,0,0,175.0,175.0
media-service,media-service,9.0,15.0,2,2,0,HomeTimeline,0,0,175.0,175.0
unique-id-service,unique-id-service,20.0,29.049999999999955,2,2,0,HomeTimeline,0,0,175.0,175.0
user-service,user-service,9.0,16.0,2,2,0,HomeTimeline,0,0,175.0,175.0
compose-post-service,compose-post-service,402.0,2519.4499999999907,2,2,0,ComposePost,0,0,525.0,525.0
home-timeline-service,home-timeline-service,43.0,2386.0,2,2,0,ComposePost,0,0,525.0,525.0
nginx-web-server,nginx-thrift,508.5,1878.4499999999996,2,2,0,ComposePost,0,0,525.0,525.0
post-storage-service,post-storage-service,25.0,59.0,2,2,0,ComposePost,0,0,525.0,525.0
social-graph-service,social-graph-service,51.0,1394.75,2,2,0,ComposePost,0,0,525.0,525.0
text-service,text-service,464.0,3110.000000000001,2,2,0,ComposePost,0,0,525.0,525.0
url-shorten-service,url-shorten-service,131.5,542.2999999999996,2,2,0,ComposePost,0,0,525.0,525.0
user-mention-service,user-mention-service,64.0,195.0,2,2,0,ComposePost,0,0,525.0,525.0
user-timeline-service,user-timeline-service,39.0,124.75,2,2,0,ComposePost,0,0,525.0,525.0
media-service,media-service,5.0,11.0,2,2,0,ComposePost,0,0,525.0,525.0
unique-id-service,unique-id-service,15.0,26.0,2,2,0,ComposePost,0,0,525.0,525.0
user-service,user-service,6.0,14.0,2,2,0,ComposePost,0,0,525.0,525.0
compose-post-service,compose-post-service,402.0,2519.4499999999907,2,2,0,UserTimeline,0,0,525.0,525.0
home-timeline-service,home-timeline-service,43.0,2386.0,2,2,0,UserTimeline,0,0,525.0,525.0
nginx-web-server,nginx-thrift,508.5,1878.4499999999996,2,2,0,UserTimeline,0,0,525.0,525.0
post-storage-service,post-storage-service,25.0,59.0,2,2,0,UserTimeline,0,0,525.0,525.0
social-graph-service,social-graph-service,51.0,1394.75,2,2,0,UserTimeline,0,0,525.0,525.0
text-service,text-service,464.0,3110.000000000001,2,2,0,UserTimeline,0,0,525.0,525.0
url-shorten-service,url-shorten-service,131.5,542.2999999999996,2,2,0,UserTimeline,0,0,525.0,525.0
user-mention-service,user-mention-service,64.0,195.0,2,2,0,UserTimeline,0,0,525.0,525.0
user-timeline-service,user-timeline-service,39.0,124.75,2,2,0,UserTimeline,0,0,525.0,525.0
media-service,media-service,5.0,11.0,2,2,0,UserTimeline,0,0,525.0,525.0
unique-id-service,unique-id-service,15.0,26.0,2,2,0,UserTimeline,0,0,525.0,525.0
user-service,user-service,6.0,14.0,2,2,0,UserTimeline,0,0,525.0,525.0
compose-post-service,compose-post-service,402.0,2519.4499999999907,2,2,0,HomeTimeline,0,0,525.0,525.0
home-timeline-service,home-timeline-service,43.0,2386.0,2,2,0,HomeTimeline,0,0,525.0,525.0
nginx-web-server,nginx-thrift,508.5,1878.4499999999996,2,2,0,HomeTimeline,0,0,525.0,525.0
post-storage-service,post-storage-service,25.0,59.0,2,2,0,HomeTimeline,0,0,525.0,525.0
social-graph-service,social-graph-service,51.0,1394.75,2,2,0,HomeTimeline,0,0,525.0,525.0
text-service,text-service,464.0,3110.000000000001,2,2,0,HomeTimeline,0,0,525.0,525.0
url-shorten-service,url-shorten-service,131.5,542.2999999999996,2,2,0,HomeTimeline,0,0,525.0,525.0
user-mention-service,user-mention-service,64.0,195.0,2,2,0,HomeTimeline,0,0,525.0,525.0
user-timeline-service,user-timeline-service,39.0,124.75,2,2,0,HomeTimeline,0,0,525.0,525.0
media-service,media-service,5.0,11.0,2,2,0,HomeTimeline,0,0,525.0,525.0
unique-id-service,unique-id-service,15.0,26.0,2,2,0,HomeTimeline,0,0,525.0,525.0
user-service,user-service,6.0,14.0,2,2,0,HomeTimeline,0,0,525.0,525.0
compose-post-service,compose-post-service,347.0,1419.0,2,2,0,ComposePost,0,0,475.0,475.0
home-timeline-service,home-timeline-service,34.0,1310.0000000000036,2,2,0,ComposePost,0,0,475.0,475.0
nginx-web-server,nginx-thrift,349.0,1083.2,2,2,0,ComposePost,0,0,475.0,475.0
post-storage-service,post-storage-service,24.0,51.0,2,2,0,ComposePost,0,0,475.0,475.0
social-graph-service,social-graph-service,49.0,274.0,2,2,0,ComposePost,0,0,475.0,475.0
text-service,text-service,387.0,1942.2000000000003,2,2,0,ComposePost,0,0,475.0,475.0
url-shorten-service,url-shorten-service,110.5,398.6999999999997,2,2,0,ComposePost,0,0,475.0,475.0
user-mention-service,user-mention-service,60.5,599.0,2,2,0,ComposePost,0,0,475.0,475.0
user-timeline-service,user-timeline-service,35.0,261.0,2,2,0,ComposePost,0,0,475.0,475.0
media-service,media-service,8.0,12.0,2,2,0,ComposePost,0,0,475.0,475.0
unique-id-service,unique-id-service,10.0,23.0,2,2,0,ComposePost,0,0,475.0,475.0
user-service,user-service,5.0,9.0,2,2,0,ComposePost,0,0,475.0,475.0
compose-post-service,compose-post-service,347.0,1419.0,2,2,0,UserTimeline,0,0,475.0,475.0
home-timeline-service,home-timeline-service,34.0,1310.0000000000036,2,2,0,UserTimeline,0,0,475.0,475.0
nginx-web-server,nginx-thrift,349.0,1083.2,2,2,0,UserTimeline,0,0,475.0,475.0
post-storage-service,post-storage-service,24.0,51.0,2,2,0,UserTimeline,0,0,475.0,475.0
social-graph-service,social-graph-service,49.0,274.0,2,2,0,UserTimeline,0,0,475.0,475.0
text-service,text-service,387.0,1942.2000000000003,2,2,0,UserTimeline,0,0,475.0,475.0
url-shorten-service,url-shorten-service,110.5,398.6999999999997,2,2,0,UserTimeline,0,0,475.0,475.0
user-mention-service,user-mention-service,60.5,599.0,2,2,0,UserTimeline,0,0,475.0,475.0
user-timeline-service,user-timeline-service,35.0,261.0,2,2,0,UserTimeline,0,0,475.0,475.0
media-service,media-service,8.0,12.0,2,2,0,UserTimeline,0,0,475.0,475.0
unique-id-service,unique-id-service,10.0,23.0,2,2,0,UserTimeline,0,0,475.0,475.0
user-service,user-service,5.0,9.0,2,2,0,UserTimeline,0,0,475.0,475.0
compose-post-service,compose-post-service,347.0,1419.0,2,2,0,HomeTimeline,0,0,475.0,475.0
home-timeline-service,home-timeline-service,34.0,1310.0000000000036,2,2,0,HomeTimeline,0,0,475.0,475.0
nginx-web-server,nginx-thrift,349.0,1083.2,2,2,0,HomeTimeline,0,0,475.0,475.0
post-storage-service,post-storage-service,24.0,51.0,2,2,0,HomeTimeline,0,0,475.0,475.0
social-graph-service,social-graph-service,49.0,274.0,2,2,0,HomeTimeline,0,0,475.0,475.0
text-service,text-service,387.0,1942.2000000000003,2,2,0,HomeTimeline,0,0,475.0,475.0
url-shorten-service,url-shorten-service,110.5,398.6999999999997,2,2,0,HomeTimeline,0,0,475.0,475.0
user-mention-service,user-mention-service,60.5,599.0,2,2,0,HomeTimeline,0,0,475.0,475.0
user-timeline-service,user-timeline-service,35.0,261.0,2,2,0,HomeTimeline,0,0,475.0,475.0
media-service,media-service,8.0,12.0,2,2,0,HomeTimeline,0,0,475.0,475.0
unique-id-service,unique-id-service,10.0,23.0,2,2,0,HomeTimeline,0,0,475.0,475.0
user-service,user-service,5.0,9.0,2,2,0,HomeTimeline,0,0,475.0,475.0
compose-post-service,compose-post-service,1219.0,7490.0,2,2,0,ComposePost,0,0,25.0,25.0
home-timeline-service,home-timeline-service,80.0,452.04999999999995,2,2,0,ComposePost,0,0,25.0,25.0
nginx-web-server,nginx-thrift,623.0,1364.2999999999997,2,2,0,ComposePost,0,0,25.0,25.0
post-storage-service,post-storage-service,45.0,92.09999999999991,2,2,0,ComposePost,0,0,25.0,25.0
social-graph-service,social-graph-service,65.5,241.14999999999986,2,2,0,ComposePost,0,0,25.0,25.0
text-service,text-service,414.0,1067.0,2,2,0,ComposePost,0,0,25.0,25.0
url-shorten-service,url-shorten-service,155.0,279.0,2,2,0,ComposePost,0,0,25.0,25.0
user-mention-service,user-mention-service,66.0,185.64999999999998,2,2,0,ComposePost,0,0,25.0,25.0
user-timeline-service,user-timeline-service,64.0,129.7499999999999,2,2,0,ComposePost,0,0,25.0,25.0
media-service,media-service,11.0,15.049999999999955,2,2,0,ComposePost,0,0,25.0,25.0
unique-id-service,unique-id-service,21.0,35.0,2,2,0,ComposePost,0,0,25.0,25.0
user-service,user-service,11.0,19.049999999999955,2,2,0,ComposePost,0,0,25.0,25.0
compose-post-service,compose-post-service,1219.0,7490.0,2,2,0,UserTimeline,0,0,25.0,25.0
home-timeline-service,home-timeline-service,80.0,452.04999999999995,2,2,0,UserTimeline,0,0,25.0,25.0
nginx-web-server,nginx-thrift,623.0,1364.2999999999997,2,2,0,UserTimeline,0,0,25.0,25.0
post-storage-service,post-storage-service,45.0,92.09999999999991,2,2,0,UserTimeline,0,0,25.0,25.0
social-graph-service,social-graph-service,65.5,241.14999999999986,2,2,0,UserTimeline,0,0,25.0,25.0
text-service,text-service,414.0,1067.0,2,2,0,UserTimeline,0,0,25.0,25.0
url-shorten-service,url-shorten-service,155.0,279.0,2,2,0,UserTimeline,0,0,25.0,25.0
user-mention-service,user-mention-service,66.0,185.64999999999998,2,2,0,UserTimeline,0,0,25.0,25.0
user-timeline-service,user-timeline-service,64.0,129.7499999999999,2,2,0,UserTimeline,0,0,25.0,25.0
media-service,media-service,11.0,15.049999999999955,2,2,0,UserTimeline,0,0,25.0,25.0
unique-id-service,unique-id-service,21.0,35.0,2,2,0,UserTimeline,0,0,25.0,25.0
user-service,user-service,11.0,19.049999999999955,2,2,0,UserTimeline,0,0,25.0,25.0
compose-post-service,compose-post-service,1219.0,7490.0,2,2,0,HomeTimeline,0,0,25.0,25.0
home-timeline-service,home-timeline-service,80.0,452.04999999999995,2,2,0,HomeTimeline,0,0,25.0,25.0
nginx-web-server,nginx-thrift,623.0,1364.2999999999997,2,2,0,HomeTimeline,0,0,25.0,25.0
post-storage-service,post-storage-service,45.0,92.09999999999991,2,2,0,HomeTimeline,0,0,25.0,25.0
social-graph-service,social-graph-service,65.5,241.14999999999986,2,2,0,HomeTimeline,0,0,25.0,25.0
text-service,text-service,414.0,1067.0,2,2,0,HomeTimeline,0,0,25.0,25.0
url-shorten-service,url-shorten-service,155.0,279.0,2,2,0,HomeTimeline,0,0,25.0,25.0
user-mention-service,user-mention-service,66.0,185.64999999999998,2,2,0,HomeTimeline,0,0,25.0,25.0
user-timeline-service,user-timeline-service,64.0,129.7499999999999,2,2,0,HomeTimeline,0,0,25.0,25.0
media-service,media-service,11.0,15.049999999999955,2,2,0,HomeTimeline,0,0,25.0,25.0
unique-id-service,unique-id-service,21.0,35.0,2,2,0,HomeTimeline,0,0,25.0,25.0
user-service,user-service,11.0,19.049999999999955,2,2,0,HomeTimeline,0,0,25.0,25.0
compose-post-service,compose-post-service,447.0,3591.0,2,2,0,ComposePost,0,0,300.0,300.0
home-timeline-service,home-timeline-service,43.0,1165.5,2,2,0,ComposePost,0,0,300.0,300.0
nginx-web-server,nginx-thrift,530.5,2515.1,2,2,0,ComposePost,0,0,300.0,300.0
post-storage-service,post-storage-service,29.0,85.14999999999986,2,2,0,ComposePost,0,0,300.0,300.0
social-graph-service,social-graph-service,36.0,501.0,2,2,0,ComposePost,0,0,300.0,300.0
text-service,text-service,350.0,2927.099999999999,2,2,0,ComposePost,0,0,300.0,300.0
url-shorten-service,url-shorten-service,131.0,357.19999999999993,2,2,0,ComposePost,0,0,300.0,300.0
user-mention-service,user-mention-service,58.0,1383.6999999999985,2,2,0,ComposePost,0,0,300.0,300.0
user-timeline-service,user-timeline-service,50.5,375.4499999999996,2,2,0,ComposePost,0,0,300.0,300.0
media-service,media-service,8.0,14.0,2,2,0,ComposePost,0,0,300.0,300.0
unique-id-service,unique-id-service,17.0,27.0,2,2,0,ComposePost,0,0,300.0,300.0
user-service,user-service,10.0,16.0,2,2,0,ComposePost,0,0,300.0,300.0
compose-post-service,compose-post-service,447.0,3591.0,2,2,0,UserTimeline,0,0,300.0,300.0
home-timeline-service,home-timeline-service,43.0,1165.5,2,2,0,UserTimeline,0,0,300.0,300.0
nginx-web-server,nginx-thrift,530.5,2515.1,2,2,0,UserTimeline,0,0,300.0,300.0
post-storage-service,post-storage-service,29.0,85.14999999999986,2,2,0,UserTimeline,0,0,300.0,300.0
social-graph-service,social-graph-service,36.0,501.0,2,2,0,UserTimeline,0,0,300.0,300.0
text-service,text-service,350.0,2927.099999999999,2,2,0,UserTimeline,0,0,300.0,300.0
url-shorten-service,url-shorten-service,131.0,357.19999999999993,2,2,0,UserTimeline,0,0,300.0,300.0
user-mention-service,user-mention-service,58.0,1383.6999999999985,2,2,0,UserTimeline,0,0,300.0,300.0
user-timeline-service,user-timeline-service,50.5,375.4499999999996,2,2,0,UserTimeline,0,0,300.0,300.0
media-service,media-service,8.0,14.0,2,2,0,UserTimeline,0,0,300.0,300.0
unique-id-service,unique-id-service,17.0,27.0,2,2,0,UserTimeline,0,0,300.0,300.0
user-service,user-service,10.0,16.0,2,2,0,UserTimeline,0,0,300.0,300.0
compose-post-service,compose-post-service,447.0,3591.0,2,2,0,HomeTimeline,0,0,300.0,300.0
home-timeline-service,home-timeline-service,43.0,1165.5,2,2,0,HomeTimeline,0,0,300.0,300.0
nginx-web-server,nginx-thrift,530.5,2515.1,2,2,0,HomeTimeline,0,0,300.0,300.0
post-storage-service,post-storage-service,29.0,85.14999999999986,2,2,0,HomeTimeline,0,0,300.0,300.0
social-graph-service,social-graph-service,36.0,501.0,2,2,0,HomeTimeline,0,0,300.0,300.0
text-service,text-service,350.0,2927.099999999999,2,2,0,HomeTimeline,0,0,300.0,300.0
url-shorten-service,url-shorten-service,131.0,357.19999999999993,2,2,0,HomeTimeline,0,0,300.0,300.0
user-mention-service,user-mention-service,58.0,1383.6999999999985,2,2,0,HomeTimeline,0,0,300.0,300.0
user-timeline-service,user-timeline-service,50.5,375.4499999999996,2,2,0,HomeTimeline,0,0,300.0,300.0
media-service,media-service,8.0,14.0,2,2,0,HomeTimeline,0,0,300.0,300.0
unique-id-service,unique-id-service,17.0,27.0,2,2,0,HomeTimeline,0,0,300.0,300.0
user-service,user-service,10.0,16.0,2,2,0,HomeTimeline,0,0,300.0,300.0
compose-post-service,compose-post-service,359.0,1798.0,2,2,0,ComposePost,0,0,550.0,550.0
home-timeline-service,home-timeline-service,40.0,1409.7999999999993,2,2,0,ComposePost,0,0,550.0,550.0
nginx-web-server,nginx-thrift,545.0,2325.6,2,2,0,ComposePost,0,0,550.0,550.0
post-storage-service,post-storage-service,27.0,120.24999999999977,2,2,0,ComposePost,0,0,550.0,550.0
social-graph-service,social-graph-service,35.0,121.19999999999982,2,2,0,ComposePost,0,0,550.0,550.0
text-service,text-service,381.0,1815.8,2,2,0,ComposePost,0,0,550.0,550.0
url-shorten-service,url-shorten-service,106.0,395.5999999999999,2,2,0,ComposePost,0,0,550.0,550.0
user-mention-service,user-mention-service,63.0,254.0,2,2,0,ComposePost,0,0,550.0,550.0
user-timeline-service,user-timeline-service,53.0,306.3999999999992,2,2,0,ComposePost,0,0,550.0,550.0
media-service,media-service,7.0,12.0,2,2,0,ComposePost,0,0,550.0,550.0
user-service,user-service,9.0,14.0,2,2,0,ComposePost,0,0,550.0,550.0
compose-post-service,compose-post-service,359.0,1798.0,2,2,0,UserTimeline,0,0,550.0,550.0
home-timeline-service,home-timeline-service,40.0,1409.7999999999993,2,2,0,UserTimeline,0,0,550.0,550.0
nginx-web-server,nginx-thrift,545.0,2325.6,2,2,0,UserTimeline,0,0,550.0,550.0
post-storage-service,post-storage-service,27.0,120.24999999999977,2,2,0,UserTimeline,0,0,550.0,550.0
social-graph-service,social-graph-service,35.0,121.19999999999982,2,2,0,UserTimeline,0,0,550.0,550.0
text-service,text-service,381.0,1815.8,2,2,0,UserTimeline,0,0,550.0,550.0
url-shorten-service,url-shorten-service,106.0,395.5999999999999,2,2,0,UserTimeline,0,0,550.0,550.0
user-mention-service,user-mention-service,63.0,254.0,2,2,0,UserTimeline,0,0,550.0,550.0
user-timeline-service,user-timeline-service,53.0,306.3999999999992,2,2,0,UserTimeline,0,0,550.0,550.0
media-service,media-service,7.0,12.0,2,2,0,UserTimeline,0,0,550.0,550.0
user-service,user-service,9.0,14.0,2,2,0,UserTimeline,0,0,550.0,550.0
compose-post-service,compose-post-service,359.0,1798.0,2,2,0,HomeTimeline,0,0,550.0,550.0
home-timeline-service,home-timeline-service,40.0,1409.7999999999993,2,2,0,HomeTimeline,0,0,550.0,550.0
nginx-web-server,nginx-thrift,545.0,2325.6,2,2,0,HomeTimeline,0,0,550.0,550.0
post-storage-service,post-storage-service,27.0,120.24999999999977,2,2,0,HomeTimeline,0,0,550.0,550.0
social-graph-service,social-graph-service,35.0,121.19999999999982,2,2,0,HomeTimeline,0,0,550.0,550.0
text-service,text-service,381.0,1815.8,2,2,0,HomeTimeline,0,0,550.0,550.0
url-shorten-service,url-shorten-service,106.0,395.5999999999999,2,2,0,HomeTimeline,0,0,550.0,550.0
user-mention-service,user-mention-service,63.0,254.0,2,2,0,HomeTimeline,0,0,550.0,550.0
user-timeline-service,user-timeline-service,53.0,306.3999999999992,2,2,0,HomeTimeline,0,0,550.0,550.0
media-service,media-service,7.0,12.0,2,2,0,HomeTimeline,0,0,550.0,550.0
user-service,user-service,9.0,14.0,2,2,0,HomeTimeline,0,0,550.0,550.0
compose-post-service,compose-post-service,1834.0,25859.0,2,2,0,ComposePost,0,0,100.0,100.0
home-timeline-service,home-timeline-service,70.0,711.4499999999996,2,2,0,ComposePost,0,0,100.0,100.0
nginx-web-server,nginx-thrift,613.5,1806.7499999999993,2,2,0,ComposePost,0,0,100.0,100.0
post-storage-service,post-storage-service,38.0,79.0,2,2,0,ComposePost,0,0,100.0,100.0
social-graph-service,social-graph-service,68.0,633.3499999999997,2,2,0,ComposePost,0,0,100.0,100.0
text-service,text-service,378.5,1378.3499999999997,2,2,0,ComposePost,0,0,100.0,100.0
url-shorten-service,url-shorten-service,121.0,228.39999999999998,2,2,0,ComposePost,0,0,100.0,100.0
user-mention-service,user-mention-service,78.5,444.4499999999996,2,2,0,ComposePost,0,0,100.0,100.0
user-timeline-service,user-timeline-service,63.0,176.0,2,2,0,ComposePost,0,0,100.0,100.0
media-service,media-service,10.0,15.0,2,2,0,ComposePost,0,0,100.0,100.0
unique-id-service,unique-id-service,20.0,29.0,2,2,0,ComposePost,0,0,100.0,100.0
user-service,user-service,9.0,15.0,2,2,0,ComposePost,0,0,100.0,100.0
compose-post-service,compose-post-service,1834.0,25859.0,2,2,0,UserTimeline,0,0,100.0,100.0
home-timeline-service,home-timeline-service,70.0,711.4499999999996,2,2,0,UserTimeline,0,0,100.0,100.0
nginx-web-server,nginx-thrift,613.5,1806.7499999999993,2,2,0,UserTimeline,0,0,100.0,100.0
post-storage-service,post-storage-service,38.0,79.0,2,2,0,UserTimeline,0,0,100.0,100.0
social-graph-service,social-graph-service,68.0,633.3499999999997,2,2,0,UserTimeline,0,0,100.0,100.0
text-service,text-service,378.5,1378.3499999999997,2,2,0,UserTimeline,0,0,100.0,100.0
url-shorten-service,url-shorten-service,121.0,228.39999999999998,2,2,0,UserTimeline,0,0,100.0,100.0
user-mention-service,user-mention-service,78.5,444.4499999999996,2,2,0,UserTimeline,0,0,100.0,100.0
user-timeline-service,user-timeline-service,63.0,176.0,2,2,0,UserTimeline,0,0,100.0,100.0
media-service,media-service,10.0,15.0,2,2,0,UserTimeline,0,0,100.0,100.0
unique-id-service,unique-id-service,20.0,29.0,2,2,0,UserTimeline,0,0,100.0,100.0
user-service,user-service,9.0,15.0,2,2,0,UserTimeline,0,0,100.0,100.0
compose-post-service,compose-post-service,1834.0,25859.0,2,2,0,HomeTimeline,0,0,100.0,100.0
home-timeline-service,home-timeline-service,70.0,711.4499999999996,2,2,0,HomeTimeline,0,0,100.0,100.0
nginx-web-server,nginx-thrift,613.5,1806.7499999999993,2,2,0,HomeTimeline,0,0,100.0,100.0
post-storage-service,post-storage-service,38.0,79.0,2,2,0,HomeTimeline,0,0,100.0,100.0
social-graph-service,social-graph-service,68.0,633.3499999999997,2,2,0,HomeTimeline,0,0,100.0,100.0
text-service,text-service,378.5,1378.3499999999997,2,2,0,HomeTimeline,0,0,100.0,100.0
url-shorten-service,url-shorten-service,121.0,228.39999999999998,2,2,0,HomeTimeline,0,0,100.0,100.0
user-mention-service,user-mention-service,78.5,444.4499999999996,2,2,0,HomeTimeline,0,0,100.0,100.0
user-timeline-service,user-timeline-service,63.0,176.0,2,2,0,HomeTimeline,0,0,100.0,100.0
media-service,media-service,10.0,15.0,2,2,0,HomeTimeline,0,0,100.0,100.0
unique-id-service,unique-id-service,20.0,29.0,2,2,0,HomeTimeline,0,0,100.0,100.0
user-service,user-service,9.0,15.0,2,2,0,HomeTimeline,0,0,100.0,100.0
compose-post-service,compose-post-service,467.0,2262.0,2,2,0,ComposePost,0,0,675.0,675.0
home-timeline-service,home-timeline-service,35.0,1033.5,2,2,0,ComposePost,0,0,675.0,675.0
nginx-web-server,nginx-thrift,455.0,1548.5,2,2,0,ComposePost,0,0,675.0,675.0
post-storage-service,post-storage-service,40.5,63.49999999999998,2,2,0,ComposePost,0,0,675.0,675.0
social-graph-service,social-graph-service,46.0,623.5999999999933,2,2,0,ComposePost,0,0,675.0,675.0
text-service,text-service,369.0,1180.2499999999998,2,2,0,ComposePost,0,0,675.0,675.0
url-shorten-service,url-shorten-service,113.0,448.7999999999977,2,2,0,ComposePost,0,0,675.0,675.0
user-mention-service,user-mention-service,62.0,551.0,2,2,0,ComposePost,0,0,675.0,675.0
user-timeline-service,user-timeline-service,38.0,1263.4999999999982,2,2,0,ComposePost,0,0,675.0,675.0
media-service,media-service,4.0,10.0,2,2,0,ComposePost,0,0,675.0,675.0
unique-id-service,unique-id-service,13.0,21.0,2,2,0,ComposePost,0,0,675.0,675.0
user-service,user-service,4.0,12.0,2,2,0,ComposePost,0,0,675.0,675.0
compose-post-service,compose-post-service,467.0,2262.0,2,2,0,UserTimeline,0,0,675.0,675.0
home-timeline-service,home-timeline-service,35.0,1033.5,2,2,0,UserTimeline,0,0,675.0,675.0
nginx-web-server,nginx-thrift,455.0,1548.5,2,2,0,UserTimeline,0,0,675.0,675.0
post-storage-service,post-storage-service,40.5,63.49999999999998,2,2,0,UserTimeline,0,0,675.0,675.0
social-graph-service,social-graph-service,46.0,623.5999999999933,2,2,0,UserTimeline,0,0,675.0,675.0
text-service,text-service,369.0,1180.2499999999998,2,2,0,UserTimeline,0,0,675.0,675.0
url-shorten-service,url-shorten-service,113.0,448.7999999999977,2,2,0,UserTimeline,0,0,675.0,675.0
user-mention-service,user-mention-service,62.0,551.0,2,2,0,UserTimeline,0,0,675.0,675.0
user-timeline-service,user-timeline-service,38.0,1263.4999999999982,2,2,0,UserTimeline,0,0,675.0,675.0
media-service,media-service,4.0,10.0,2,2,0,UserTimeline,0,0,675.0,675.0
unique-id-service,unique-id-service,13.0,21.0,2,2,0,UserTimeline,0,0,675.0,675.0
user-service,user-service,4.0,12.0,2,2,0,UserTimeline,0,0,675.0,675.0
compose-post-service,compose-post-service,467.0,2262.0,2,2,0,HomeTimeline,0,0,675.0,675.0
home-timeline-service,home-timeline-service,35.0,1033.5,2,2,0,HomeTimeline,0,0,675.0,675.0
nginx-web-server,nginx-thrift,455.0,1548.5,2,2,0,HomeTimeline,0,0,675.0,675.0
post-storage-service,post-storage-service,40.5,63.49999999999998,2,2,0,HomeTimeline,0,0,675.0,675.0
social-graph-service,social-graph-service,46.0,623.5999999999933,2,2,0,HomeTimeline,0,0,675.0,675.0
text-service,text-service,369.0,1180.2499999999998,2,2,0,HomeTimeline,0,0,675.0,675.0
url-shorten-service,url-shorten-service,113.0,448.7999999999977,2,2,0,HomeTimeline,0,0,675.0,675.0
user-mention-service,user-mention-service,62.0,551.0,2,2,0,HomeTimeline,0,0,675.0,675.0
user-timeline-service,user-timeline-service,38.0,1263.4999999999982,2,2,0,HomeTimeline,0,0,675.0,675.0
media-service,media-service,4.0,10.0,2,2,0,HomeTimeline,0,0,675.0,675.0
unique-id-service,unique-id-service,13.0,21.0,2,2,0,HomeTimeline,0,0,675.0,675.0
user-service,user-service,4.0,12.0,2,2,0,HomeTimeline,0,0,675.0,675.0
compose-post-service,compose-post-service,386.0,2047.6999999999962,2,2,0,ComposePost,0,0,225.0,225.0
home-timeline-service,home-timeline-service,50.0,633.1999999999998,2,2,0,ComposePost,0,0,225.0,225.0
nginx-web-server,nginx-thrift,501.0,1252.6,2,2,0,ComposePost,0,0,225.0,225.0
post-storage-service,post-storage-service,31.0,71.04999999999995,2,2,0,ComposePost,0,0,225.0,225.0
social-graph-service,social-graph-service,48.0,343.59999999999945,2,2,0,ComposePost,0,0,225.0,225.0
text-service,text-service,400.0,2919.1999999999944,2,2,0,ComposePost,0,0,225.0,225.0
url-shorten-service,url-shorten-service,131.0,327.0,2,2,0,ComposePost,0,0,225.0,225.0
user-mention-service,user-mention-service,53.0,875.049999999999,2,2,0,ComposePost,0,0,225.0,225.0
user-timeline-service,user-timeline-service,51.0,111.75,2,2,0,ComposePost,0,0,225.0,225.0
media-service,media-service,8.0,13.049999999999955,2,2,0,ComposePost,0,0,225.0,225.0
unique-id-service,unique-id-service,19.0,28.0,2,2,0,ComposePost,0,0,225.0,225.0
user-service,user-service,10.0,16.0,2,2,0,ComposePost,0,0,225.0,225.0
compose-post-service,compose-post-service,386.0,2047.6999999999962,2,2,0,UserTimeline,0,0,225.0,225.0
home-timeline-service,home-timeline-service,50.0,633.1999999999998,2,2,0,UserTimeline,0,0,225.0,225.0
nginx-web-server,nginx-thrift,501.0,1252.6,2,2,0,UserTimeline,0,0,225.0,225.0
post-storage-service,post-storage-service,31.0,71.04999999999995,2,2,0,UserTimeline,0,0,225.0,225.0
social-graph-service,social-graph-service,48.0,343.59999999999945,2,2,0,UserTimeline,0,0,225.0,225.0
text-service,text-service,400.0,2919.1999999999944,2,2,0,UserTimeline,0,0,225.0,225.0
url-shorten-service,url-shorten-service,131.0,327.0,2,2,0,UserTimeline,0,0,225.0,225.0
user-mention-service,user-mention-service,53.0,875.049999999999,2,2,0,UserTimeline,0,0,225.0,225.0
user-timeline-service,user-timeline-service,51.0,111.75,2,2,0,UserTimeline,0,0,225.0,225.0
media-service,media-service,8.0,13.049999999999955,2,2,0,UserTimeline,0,0,225.0,225.0
unique-id-service,unique-id-service,19.0,28.0,2,2,0,UserTimeline,0,0,225.0,225.0
user-service,user-service,10.0,16.0,2,2,0,UserTimeline,0,0,225.0,225.0
compose-post-service,compose-post-service,386.0,2047.6999999999962,2,2,0,HomeTimeline,0,0,225.0,225.0
home-timeline-service,home-timeline-service,50.0,633.1999999999998,2,2,0,HomeTimeline,0,0,225.0,225.0
nginx-web-server,nginx-thrift,501.0,1252.6,2,2,0,HomeTimeline,0,0,225.0,225.0
post-storage-service,post-storage-service,31.0,71.04999999999995,2,2,0,HomeTimeline,0,0,225.0,225.0
social-graph-service,social-graph-service,48.0,343.59999999999945,2,2,0,HomeTimeline,0,0,225.0,225.0
text-service,text-service,400.0,2919.1999999999944,2,2,0,HomeTimeline,0,0,225.0,225.0
url-shorten-service,url-shorten-service,131.0,327.0,2,2,0,HomeTimeline,0,0,225.0,225.0
user-mention-service,user-mention-service,53.0,875.049999999999,2,2,0,HomeTimeline,0,0,225.0,225.0
user-timeline-service,user-timeline-service,51.0,111.75,2,2,0,HomeTimeline,0,0,225.0,225.0
media-service,media-service,8.0,13.049999999999955,2,2,0,HomeTimeline,0,0,225.0,225.0
unique-id-service,unique-id-service,19.0,28.0,2,2,0,HomeTimeline,0,0,225.0,225.0
user-service,user-service,10.0,16.0,2,2,0,HomeTimeline,0,0,225.0,225.0
compose-post-service,compose-post-service,415.0,1683.0,2,2,0,ComposePost,0,0,150.0,150.0
home-timeline-service,home-timeline-service,67.5,577.05,2,2,0,ComposePost,0,0,150.0,150.0
nginx-web-server,nginx-thrift,582.0,4263.199999999999,2,2,0,ComposePost,0,0,150.0,150.0
post-storage-service,post-storage-service,41.5,105.5999999999998,2,2,0,ComposePost,0,0,150.0,150.0
social-graph-service,social-graph-service,54.5,278.1999999999998,2,2,0,ComposePost,0,0,150.0,150.0
text-service,text-service,503.0,3500.449999999997,2,2,0,ComposePost,0,0,150.0,150.0
url-shorten-service,url-shorten-service,130.0,372.0999999999999,2,2,0,ComposePost,0,0,150.0,150.0
user-mention-service,user-mention-service,74.0,1793.299999999997,2,2,0,ComposePost,0,0,150.0,150.0
user-timeline-service,user-timeline-service,62.5,296.5499999999986,2,2,0,ComposePost,0,0,150.0,150.0
media-service,media-service,7.0,13.0,2,2,0,ComposePost,0,0,150.0,150.0
unique-id-service,unique-id-service,20.0,27.0,2,2,0,ComposePost,0,0,150.0,150.0
user-service,user-service,10.0,16.0,2,2,0,ComposePost,0,0,150.0,150.0
compose-post-service,compose-post-service,415.0,1683.0,2,2,0,UserTimeline,0,0,150.0,150.0
home-timeline-service,home-timeline-service,67.5,577.05,2,2,0,UserTimeline,0,0,150.0,150.0
nginx-web-server,nginx-thrift,582.0,4263.199999999999,2,2,0,UserTimeline,0,0,150.0,150.0
post-storage-service,post-storage-service,41.5,105.5999999999998,2,2,0,UserTimeline,0,0,150.0,150.0
social-graph-service,social-graph-service,54.5,278.1999999999998,2,2,0,UserTimeline,0,0,150.0,150.0
text-service,text-service,503.0,3500.449999999997,2,2,0,UserTimeline,0,0,150.0,150.0
url-shorten-service,url-shorten-service,130.0,372.0999999999999,2,2,0,UserTimeline,0,0,150.0,150.0
user-mention-service,user-mention-service,74.0,1793.299999999997,2,2,0,UserTimeline,0,0,150.0,150.0
user-timeline-service,user-timeline-service,62.5,296.5499999999986,2,2,0,UserTimeline,0,0,150.0,150.0
media-service,media-service,7.0,13.0,2,2,0,UserTimeline,0,0,150.0,150.0
unique-id-service,unique-id-service,20.0,27.0,2,2,0,UserTimeline,0,0,150.0,150.0
user-service,user-service,10.0,16.0,2,2,0,UserTimeline,0,0,150.0,150.0
compose-post-service,compose-post-service,415.0,1683.0,2,2,0,HomeTimeline,0,0,150.0,150.0
home-timeline-service,home-timeline-service,67.5,577.05,2,2,0,HomeTimeline,0,0,150.0,150.0
nginx-web-server,nginx-thrift,582.0,4263.199999999999,2,2,0,HomeTimeline,0,0,150.0,150.0
post-storage-service,post-storage-service,41.5,105.5999999999998,2,2,0,HomeTimeline,0,0,150.0,150.0
social-graph-service,social-graph-service,54.5,278.1999999999998,2,2,0,HomeTimeline,0,0,150.0,150.0
text-service,text-service,503.0,3500.449999999997,2,2,0,HomeTimeline,0,0,150.0,150.0
url-shorten-service,url-shorten-service,130.0,372.0999999999999,2,2,0,HomeTimeline,0,0,150.0,150.0
user-mention-service,user-mention-service,74.0,1793.299999999997,2,2,0,HomeTimeline,0,0,150.0,150.0
user-timeline-service,user-timeline-service,62.5,296.5499999999986,2,2,0,HomeTimeline,0,0,150.0,150.0
media-service,media-service,7.0,13.0,2,2,0,HomeTimeline,0,0,150.0,150.0
unique-id-service,unique-id-service,20.0,27.0,2,2,0,HomeTimeline,0,0,150.0,150.0
user-service,user-service,10.0,16.0,2,2,0,HomeTimeline,0,0,150.0,150.0
compose-post-service,compose-post-service,350.5,1521.699999999999,2,2,0,ComposePost,0,0,500.0,500.0
home-timeline-service,home-timeline-service,73.0,1729.2999999999997,2,2,0,ComposePost,0,0,500.0,500.0
nginx-web-server,nginx-thrift,504.0,1834.5,2,2,0,ComposePost,0,0,500.0,500.0
post-storage-service,post-storage-service,29.0,81.04999999999995,2,2,0,ComposePost,0,0,500.0,500.0
social-graph-service,social-graph-service,52.0,776.0,2,2,0,ComposePost,0,0,500.0,500.0
text-service,text-service,359.0,1611.3999999999996,2,2,0,ComposePost,0,0,500.0,500.0
url-shorten-service,url-shorten-service,130.5,481.0,2,2,0,ComposePost,0,0,500.0,500.0
user-mention-service,user-mention-service,46.0,133.19999999999982,2,2,0,ComposePost,0,0,500.0,500.0
user-timeline-service,user-timeline-service,41.0,126.14999999999986,2,2,0,ComposePost,0,0,500.0,500.0
media-service,media-service,8.0,13.0,2,2,0,ComposePost,0,0,500.0,500.0
unique-id-service,unique-id-service,16.0,31.0,2,2,0,ComposePost,0,0,500.0,500.0
user-service,user-service,8.0,14.0,2,2,0,ComposePost,0,0,500.0,500.0
compose-post-service,compose-post-service,350.5,1521.699999999999,2,2,0,UserTimeline,0,0,500.0,500.0
home-timeline-service,home-timeline-service,73.0,1729.2999999999997,2,2,0,UserTimeline,0,0,500.0,500.0
nginx-web-server,nginx-thrift,504.0,1834.5,2,2,0,UserTimeline,0,0,500.0,500.0
post-storage-service,post-storage-service,29.0,81.04999999999995,2,2,0,UserTimeline,0,0,500.0,500.0
social-graph-service,social-graph-service,52.0,776.0,2,2,0,UserTimeline,0,0,500.0,500.0
text-service,text-service,359.0,1611.3999999999996,2,2,0,UserTimeline,0,0,500.0,500.0
url-shorten-service,url-shorten-service,130.5,481.0,2,2,0,UserTimeline,0,0,500.0,500.0
user-mention-service,user-mention-service,46.0,133.19999999999982,2,2,0,UserTimeline,0,0,500.0,500.0
user-timeline-service,user-timeline-service,41.0,126.14999999999986,2,2,0,UserTimeline,0,0,500.0,500.0
media-service,media-service,8.0,13.0,2,2,0,UserTimeline,0,0,500.0,500.0
unique-id-service,unique-id-service,16.0,31.0,2,2,0,UserTimeline,0,0,500.0,500.0
user-service,user-service,8.0,14.0,2,2,0,UserTimeline,0,0,500.0,500.0
compose-post-service,compose-post-service,350.5,1521.699999999999,2,2,0,HomeTimeline,0,0,500.0,500.0
home-timeline-service,home-timeline-service,73.0,1729.2999999999997,2,2,0,HomeTimeline,0,0,500.0,500.0
nginx-web-server,nginx-thrift,504.0,1834.5,2,2,0,HomeTimeline,0,0,500.0,500.0
post-storage-service,post-storage-service,29.0,81.04999999999995,2,2,0,HomeTimeline,0,0,500.0,500.0
social-graph-service,social-graph-service,52.0,776.0,2,2,0,HomeTimeline,0,0,500.0,500.0
text-service,text-service,359.0,1611.3999999999996,2,2,0,HomeTimeline,0,0,500.0,500.0
url-shorten-service,url-shorten-service,130.5,481.0,2,2,0,HomeTimeline,0,0,500.0,500.0
user-mention-service,user-mention-service,46.0,133.19999999999982,2,2,0,HomeTimeline,0,0,500.0,500.0
user-timeline-service,user-timeline-service,41.0,126.14999999999986,2,2,0,HomeTimeline,0,0,500.0,500.0
media-service,media-service,8.0,13.0,2,2,0,HomeTimeline,0,0,500.0,500.0
unique-id-service,unique-id-service,16.0,31.0,2,2,0,HomeTimeline,0,0,500.0,500.0
user-service,user-service,8.0,14.0,2,2,0,HomeTimeline,0,0,500.0,500.0
compose-post-service,compose-post-service,603.0,9349.799999999974,2,2,0,ComposePost,0,0,275.0,275.0
home-timeline-service,home-timeline-service,42.0,785.999999999999,2,2,0,ComposePost,0,0,275.0,275.0
nginx-web-server,nginx-thrift,524.0,1783.6,2,2,0,ComposePost,0,0,275.0,275.0
post-storage-service,post-storage-service,33.0,92.1,2,2,0,ComposePost,0,0,275.0,275.0
social-graph-service,social-graph-service,38.0,556.7499999999999,2,2,0,ComposePost,0,0,275.0,275.0
text-service,text-service,356.0,3505.75,2,2,0,ComposePost,0,0,275.0,275.0
url-shorten-service,url-shorten-service,124.5,317.75,2,2,0,ComposePost,0,0,275.0,275.0
user-mention-service,user-mention-service,45.0,594.3999999999996,2,2,0,ComposePost,0,0,275.0,275.0
user-timeline-service,user-timeline-service,53.0,565.9999999999991,2,2,0,ComposePost,0,0,275.0,275.0
unique-id-service,unique-id-service,17.0,25.0,2,2,0,ComposePost,0,0,275.0,275.0
user-service,user-service,10.0,16.0,2,2,0,ComposePost,0,0,275.0,275.0
compose-post-service,compose-post-service,603.0,9349.799999999974,2,2,0,UserTimeline,0,0,275.0,275.0
home-timeline-service,home-timeline-service,42.0,785.999999999999,2,2,0,UserTimeline,0,0,275.0,275.0
nginx-web-server,nginx-thrift,524.0,1783.6,2,2,0,UserTimeline,0,0,275.0,275.0
post-storage-service,post-storage-service,33.0,92.1,2,2,0,UserTimeline,0,0,275.0,275.0
social-graph-service,social-graph-service,38.0,556.7499999999999,2,2,0,UserTimeline,0,0,275.0,275.0
text-service,text-service,356.0,3505.75,2,2,0,UserTimeline,0,0,275.0,275.0
url-shorten-service,url-shorten-service,124.5,317.75,2,2,0,UserTimeline,0,0,275.0,275.0
user-mention-service,user-mention-service,45.0,594.3999999999996,2,2,0,UserTimeline,0,0,275.0,275.0
user-timeline-service,user-timeline-service,53.0,565.9999999999991,2,2,0,UserTimeline,0,0,275.0,275.0
unique-id-service,unique-id-service,17.0,25.0,2,2,0,UserTimeline,0,0,275.0,275.0
user-service,user-service,10.0,16.0,2,2,0,UserTimeline,0,0,275.0,275.0
compose-post-service,compose-post-service,603.0,9349.799999999974,2,2,0,HomeTimeline,0,0,275.0,275.0
home-timeline-service,home-timeline-service,42.0,785.999999999999,2,2,0,HomeTimeline,0,0,275.0,275.0
nginx-web-server,nginx-thrift,524.0,1783.6,2,2,0,HomeTimeline,0,0,275.0,275.0
post-storage-service,post-storage-service,33.0,92.1,2,2,0,HomeTimeline,0,0,275.0,275.0
social-graph-service,social-graph-service,38.0,556.7499999999999,2,2,0,HomeTimeline,0,0,275.0,275.0
text-service,text-service,356.0,3505.75,2,2,0,HomeTimeline,0,0,275.0,275.0
url-shorten-service,url-shorten-service,124.5,317.75,2,2,0,HomeTimeline,0,0,275.0,275.0
user-mention-service,user-mention-service,45.0,594.3999999999996,2,2,0,HomeTimeline,0,0,275.0,275.0
user-timeline-service,user-timeline-service,53.0,565.9999999999991,2,2,0,HomeTimeline,0,0,275.0,275.0
unique-id-service,unique-id-service,17.0,25.0,2,2,0,HomeTimeline,0,0,275.0,275.0
user-service,user-service,10.0,16.0,2,2,0,HomeTimeline,0,0,275.0,275.0
compose-post-service,compose-post-service,421.0,2543.0,2,2,0,ComposePost,0,0,625.0,625.0
home-timeline-service,home-timeline-service,36.0,2086.1499999999996,2,2,0,ComposePost,0,0,625.0,625.0
nginx-web-server,nginx-thrift,471.0,2474.2,2,2,0,ComposePost,0,0,625.0,625.0
post-storage-service,post-storage-service,40.0,149.89999999999827,2,2,0,ComposePost,0,0,625.0,625.0
social-graph-service,social-graph-service,43.0,898.149999999999,2,2,0,ComposePost,0,0,625.0,625.0
text-service,text-service,325.0,1542.4999999999998,2,2,0,ComposePost,0,0,625.0,625.0
url-shorten-service,url-shorten-service,115.0,347.79999999999995,2,2,0,ComposePost,0,0,625.0,625.0
user-mention-service,user-mention-service,48.0,212.19999999999982,2,2,0,ComposePost,0,0,625.0,625.0
user-timeline-service,user-timeline-service,41.0,1228.4499999999941,2,2,0,ComposePost,0,0,625.0,625.0
media-service,media-service,7.0,13.0,2,2,0,ComposePost,0,0,625.0,625.0
unique-id-service,unique-id-service,9.0,20.0,2,2,0,ComposePost,0,0,625.0,625.0
user-service,user-service,8.0,13.0,2,2,0,ComposePost,0,0,625.0,625.0
compose-post-service,compose-post-service,421.0,2543.0,2,2,0,UserTimeline,0,0,625.0,625.0
home-timeline-service,home-timeline-service,36.0,2086.1499999999996,2,2,0,UserTimeline,0,0,625.0,625.0
nginx-web-server,nginx-thrift,471.0,2474.2,2,2,0,UserTimeline,0,0,625.0,625.0
post-storage-service,post-storage-service,40.0,149.89999999999827,2,2,0,UserTimeline,0,0,625.0,625.0
social-graph-service,social-graph-service,43.0,898.149999999999,2,2,0,UserTimeline,0,0,625.0,625.0
text-service,text-service,325.0,1542.4999999999998,2,2,0,UserTimeline,0,0,625.0,625.0
url-shorten-service,url-shorten-service,115.0,347.79999999999995,2,2,0,UserTimeline,0,0,625.0,625.0
user-mention-service,user-mention-service,48.0,212.19999999999982,2,2,0,UserTimeline,0,0,625.0,625.0
user-timeline-service,user-timeline-service,41.0,1228.4499999999941,2,2,0,UserTimeline,0,0,625.0,625.0
media-service,media-service,7.0,13.0,2,2,0,UserTimeline,0,0,625.0,625.0
unique-id-service,unique-id-service,9.0,20.0,2,2,0,UserTimeline,0,0,625.0,625.0
user-service,user-service,8.0,13.0,2,2,0,UserTimeline,0,0,625.0,625.0
compose-post-service,compose-post-service,421.0,2543.0,2,2,0,HomeTimeline,0,0,625.0,625.0
home-timeline-service,home-timeline-service,36.0,2086.1499999999996,2,2,0,HomeTimeline,0,0,625.0,625.0
nginx-web-server,nginx-thrift,471.0,2474.2,2,2,0,HomeTimeline,0,0,625.0,625.0
post-storage-service,post-storage-service,40.0,149.89999999999827,2,2,0,HomeTimeline,0,0,625.0,625.0
social-graph-service,social-graph-service,43.0,898.149999999999,2,2,0,HomeTimeline,0,0,625.0,625.0
text-service,text-service,325.0,1542.4999999999998,2,2,0,HomeTimeline,0,0,625.0,625.0
url-shorten-service,url-shorten-service,115.0,347.79999999999995,2,2,0,HomeTimeline,0,0,625.0,625.0
user-mention-service,user-mention-service,48.0,212.19999999999982,2,2,0,HomeTimeline,0,0,625.0,625.0
user-timeline-service,user-timeline-service,41.0,1228.4499999999941,2,2,0,HomeTimeline,0,0,625.0,625.0
media-service,media-service,7.0,13.0,2,2,0,HomeTimeline,0,0,625.0,625.0
unique-id-service,unique-id-service,9.0,20.0,2,2,0,HomeTimeline,0,0,625.0,625.0
user-service,user-service,8.0,13.0,2,2,0,HomeTimeline,0,0,625.0,625.0
compose-post-service,compose-post-service,1232.0,11752.549999999803,2,2,0,ComposePost,0,0,75.0,75.0
home-timeline-service,home-timeline-service,70.0,525.2999999999997,2,2,0,ComposePost,0,0,75.0,75.0
nginx-web-server,nginx-thrift,602.0,1909.2499999999998,2,2,0,ComposePost,0,0,75.0,75.0
post-storage-service,post-storage-service,41.0,93.0,2,2,0,ComposePost,0,0,75.0,75.0
social-graph-service,social-graph-service,70.0,484.1999999999998,2,2,0,ComposePost,0,0,75.0,75.0
text-service,text-service,371.5,1060.5999999999995,2,2,0,ComposePost,0,0,75.0,75.0
url-shorten-service,url-shorten-service,136.0,250.7,2,2,0,ComposePost,0,0,75.0,75.0
user-mention-service,user-mention-service,67.0,187.0999999999999,2,2,0,ComposePost,0,0,75.0,75.0
user-timeline-service,user-timeline-service,60.0,124.0,2,2,0,ComposePost,0,0,75.0,75.0
media-service,media-service,10.0,14.049999999999955,2,2,0,ComposePost,0,0,75.0,75.0
unique-id-service,unique-id-service,20.0,30.0,2,2,0,ComposePost,0,0,75.0,75.0
user-service,user-service,11.0,16.0,2,2,0,ComposePost,0,0,75.0,75.0
compose-post-service,compose-post-service,1232.0,11752.549999999803,2,2,0,UserTimeline,0,0,75.0,75.0
home-timeline-service,home-timeline-service,70.0,525.2999999999997,2,2,0,UserTimeline,0,0,75.0,75.0
nginx-web-server,nginx-thrift,602.0,1909.2499999999998,2,2,0,UserTimeline,0,0,75.0,75.0
post-storage-service,post-storage-service,41.0,93.0,2,2,0,UserTimeline,0,0,75.0,75.0
social-graph-service,social-graph-service,70.0,484.1999999999998,2,2,0,UserTimeline,0,0,75.0,75.0
text-service,text-service,371.5,1060.5999999999995,2,2,0,UserTimeline,0,0,75.0,75.0
url-shorten-service,url-shorten-service,136.0,250.7,2,2,0,UserTimeline,0,0,75.0,75.0
user-mention-service,user-mention-service,67.0,187.0999999999999,2,2,0,UserTimeline,0,0,75.0,75.0
user-timeline-service,user-timeline-service,60.0,124.0,2,2,0,UserTimeline,0,0,75.0,75.0
media-service,media-service,10.0,14.049999999999955,2,2,0,UserTimeline,0,0,75.0,75.0
unique-id-service,unique-id-service,20.0,30.0,2,2,0,UserTimeline,0,0,75.0,75.0
user-service,user-service,11.0,16.0,2,2,0,UserTimeline,0,0,75.0,75.0
compose-post-service,compose-post-service,1232.0,11752.549999999803,2,2,0,HomeTimeline,0,0,75.0,75.0
home-timeline-service,home-timeline-service,70.0,525.2999999999997,2,2,0,HomeTimeline,0,0,75.0,75.0
nginx-web-server,nginx-thrift,602.0,1909.2499999999998,2,2,0,HomeTimeline,0,0,75.0,75.0
post-storage-service,post-storage-service,41.0,93.0,2,2,0,HomeTimeline,0,0,75.0,75.0
social-graph-service,social-graph-service,70.0,484.1999999999998,2,2,0,HomeTimeline,0,0,75.0,75.0
text-service,text-service,371.5,1060.5999999999995,2,2,0,HomeTimeline,0,0,75.0,75.0
url-shorten-service,url-shorten-service,136.0,250.7,2,2,0,HomeTimeline,0,0,75.0,75.0
user-mention-service,user-mention-service,67.0,187.0999999999999,2,2,0,HomeTimeline,0,0,75.0,75.0
user-timeline-service,user-timeline-service,60.0,124.0,2,2,0,HomeTimeline,0,0,75.0,75.0
media-service,media-service,10.0,14.049999999999955,2,2,0,HomeTimeline,0,0,75.0,75.0
unique-id-service,unique-id-service,20.0,30.0,2,2,0,HomeTimeline,0,0,75.0,75.0
user-service,user-service,11.0,16.0,2,2,0,HomeTimeline,0,0,75.0,75.0
compose-post-service,compose-post-service,384.0,2169.249999999999,2,2,0,ComposePost,0,0,425.0,425.0
home-timeline-service,home-timeline-service,43.0,1251.4499999999978,2,2,0,ComposePost,0,0,425.0,425.0
nginx-web-server,nginx-thrift,523.0,1889.1500000000021,2,2,0,ComposePost,0,0,425.0,425.0
post-storage-service,post-storage-service,23.0,178.6499999999976,2,2,0,ComposePost,0,0,425.0,425.0
social-graph-service,social-graph-service,40.0,494.14999999999804,2,2,0,ComposePost,0,0,425.0,425.0
text-service,text-service,371.0,1867.9499999999991,2,2,0,ComposePost,0,0,425.0,425.0
url-shorten-service,url-shorten-service,142.0,618.4999999999995,2,2,0,ComposePost,0,0,425.0,425.0
user-mention-service,user-mention-service,50.0,159.0999999999999,2,2,0,ComposePost,0,0,425.0,425.0
user-timeline-service,user-timeline-service,45.0,480.49999999999886,2,2,0,ComposePost,0,0,425.0,425.0
media-service,media-service,6.0,12.0,2,2,0,ComposePost,0,0,425.0,425.0
unique-id-service,unique-id-service,11.0,22.0,2,2,0,ComposePost,0,0,425.0,425.0
user-service,user-service,7.0,13.0,2,2,0,ComposePost,0,0,425.0,425.0
compose-post-service,compose-post-service,384.0,2169.249999999999,2,2,0,UserTimeline,0,0,425.0,425.0
home-timeline-service,home-timeline-service,43.0,1251.4499999999978,2,2,0,UserTimeline,0,0,425.0,425.0
nginx-web-server,nginx-thrift,523.0,1889.1500000000021,2,2,0,UserTimeline,0,0,425.0,425.0
post-storage-service,post-storage-service,23.0,178.6499999999976,2,2,0,UserTimeline,0,0,425.0,425.0
social-graph-service,social-graph-service,40.0,494.14999999999804,2,2,0,UserTimeline,0,0,425.0,425.0
text-service,text-service,371.0,1867.9499999999991,2,2,0,UserTimeline,0,0,425.0,425.0
url-shorten-service,url-shorten-service,142.0,618.4999999999995,2,2,0,UserTimeline,0,0,425.0,425.0
user-mention-service,user-mention-service,50.0,159.0999999999999,2,2,0,UserTimeline,0,0,425.0,425.0
user-timeline-service,user-timeline-service,45.0,480.49999999999886,2,2,0,UserTimeline,0,0,425.0,425.0
media-service,media-service,6.0,12.0,2,2,0,UserTimeline,0,0,425.0,425.0
unique-id-service,unique-id-service,11.0,22.0,2,2,0,UserTimeline,0,0,425.0,425.0
user-service,user-service,7.0,13.0,2,2,0,UserTimeline,0,0,425.0,425.0
compose-post-service,compose-post-service,384.0,2169.249999999999,2,2,0,HomeTimeline,0,0,425.0,425.0
home-timeline-service,home-timeline-service,43.0,1251.4499999999978,2,2,0,HomeTimeline,0,0,425.0,425.0
nginx-web-server,nginx-thrift,523.0,1889.1500000000021,2,2,0,HomeTimeline,0,0,425.0,425.0
post-storage-service,post-storage-service,23.0,178.6499999999976,2,2,0,HomeTimeline,0,0,425.0,425.0
social-graph-service,social-graph-service,40.0,494.14999999999804,2,2,0,HomeTimeline,0,0,425.0,425.0
text-service,text-service,371.0,1867.9499999999991,2,2,0,HomeTimeline,0,0,425.0,425.0
url-shorten-service,url-shorten-service,142.0,618.4999999999995,2,2,0,HomeTimeline,0,0,425.0,425.0
user-mention-service,user-mention-service,50.0,159.0999999999999,2,2,0,HomeTimeline,0,0,425.0,425.0
user-timeline-service,user-timeline-service,45.0,480.49999999999886,2,2,0,HomeTimeline,0,0,425.0,425.0
media-service,media-service,6.0,12.0,2,2,0,HomeTimeline,0,0,425.0,425.0
unique-id-service,unique-id-service,11.0,22.0,2,2,0,HomeTimeline,0,0,425.0,425.0
user-service,user-service,7.0,13.0,2,2,0,HomeTimeline,0,0,425.0,425.0
compose-post-service,compose-post-service,553.0,7383.0,2,2,0,ComposePost,0,0,350.0,350.0
home-timeline-service,home-timeline-service,67.0,1087.199999999999,2,2,0,ComposePost,0,0,350.0,350.0
nginx-web-server,nginx-thrift,523.5,1645.6999999999985,2,2,0,ComposePost,0,0,350.0,350.0
post-storage-service,post-storage-service,36.0,898.4499999999987,2,2,0,ComposePost,0,0,350.0,350.0
social-graph-service,social-graph-service,37.0,573.3999999999969,2,2,0,ComposePost,0,0,350.0,350.0
text-service,text-service,416.0,2249.899999999999,2,2,0,ComposePost,0,0,350.0,350.0
url-shorten-service,url-shorten-service,118.5,447.79999999999745,2,2,0,ComposePost,0,0,350.0,350.0
user-mention-service,user-mention-service,54.0,335.0,2,2,0,ComposePost,0,0,350.0,350.0
user-timeline-service,user-timeline-service,58.0,2244.3999999999933,2,2,0,ComposePost,0,0,350.0,350.0
media-service,media-service,8.0,13.0,2,2,0,ComposePost,0,0,350.0,350.0
unique-id-service,unique-id-service,17.0,31.0,2,2,0,ComposePost,0,0,350.0,350.0
user-service,user-service,8.0,13.0,2,2,0,ComposePost,0,0,350.0,350.0
compose-post-service,compose-post-service,553.0,7383.0,2,2,0,UserTimeline,0,0,350.0,350.0
home-timeline-service,home-timeline-service,67.0,1087.199999999999,2,2,0,UserTimeline,0,0,350.0,350.0
nginx-web-server,nginx-thrift,523.5,1645.6999999999985,2,2,0,UserTimeline,0,0,350.0,350.0
post-storage-service,post-storage-service,36.0,898.4499999999987,2,2,0,UserTimeline,0,0,350.0,350.0
social-graph-service,social-graph-service,37.0,573.3999999999969,2,2,0,UserTimeline,0,0,350.0,350.0
text-service,text-service,416.0,2249.899999999999,2,2,0,UserTimeline,0,0,350.0,350.0
url-shorten-service,url-shorten-service,118.5,447.79999999999745,2,2,0,UserTimeline,0,0,350.0,350.0
user-mention-service,user-mention-service,54.0,335.0,2,2,0,UserTimeline,0,0,350.0,350.0
user-timeline-service,user-timeline-service,58.0,2244.3999999999933,2,2,0,UserTimeline,0,0,350.0,350.0
media-service,media-service,8.0,13.0,2,2,0,UserTimeline,0,0,350.0,350.0
unique-id-service,unique-id-service,17.0,31.0,2,2,0,UserTimeline,0,0,350.0,350.0
user-service,user-service,8.0,13.0,2,2,0,UserTimeline,0,0,350.0,350.0
compose-post-service,compose-post-service,553.0,7383.0,2,2,0,HomeTimeline,0,0,350.0,350.0
home-timeline-service,home-timeline-service,67.0,1087.199999999999,2,2,0,HomeTimeline,0,0,350.0,350.0
nginx-web-server,nginx-thrift,523.5,1645.6999999999985,2,2,0,HomeTimeline,0,0,350.0,350.0
post-storage-service,post-storage-service,36.0,898.4499999999987,2,2,0,HomeTimeline,0,0,350.0,350.0
social-graph-service,social-graph-service,37.0,573.3999999999969,2,2,0,HomeTimeline,0,0,350.0,350.0
text-service,text-service,416.0,2249.899999999999,2,2,0,HomeTimeline,0,0,350.0,350.0
url-shorten-service,url-shorten-service,118.5,447.79999999999745,2,2,0,HomeTimeline,0,0,350.0,350.0
user-mention-service,user-mention-service,54.0,335.0,2,2,0,HomeTimeline,0,0,350.0,350.0
user-timeline-service,user-timeline-service,58.0,2244.3999999999933,2,2,0,HomeTimeline,0,0,350.0,350.0
media-service,media-service,8.0,13.0,2,2,0,HomeTimeline,0,0,350.0,350.0
unique-id-service,unique-id-service,17.0,31.0,2,2,0,HomeTimeline,0,0,350.0,350.0
user-service,user-service,8.0,13.0,2,2,0,HomeTimeline,0,0,350.0,350.0
compose-post-service,compose-post-service,373.0,1563.0,2,2,0,ComposePost,0,0,700.0,700.0
home-timeline-service,home-timeline-service,36.0,517.4499999999997,2,2,0,ComposePost,0,0,700.0,700.0
nginx-web-server,nginx-thrift,459.0,1242.6499999999999,2,2,0,ComposePost,0,0,700.0,700.0
post-storage-service,post-storage-service,41.0,88.14999999999986,2,2,0,ComposePost,0,0,700.0,700.0
social-graph-service,social-graph-service,33.0,141.74999999999977,2,2,0,ComposePost,0,0,700.0,700.0
text-service,text-service,333.0,1051.8999999999996,2,2,0,ComposePost,0,0,700.0,700.0
url-shorten-service,url-shorten-service,119.5,727.1499999999999,2,2,0,ComposePost,0,0,700.0,700.0
user-mention-service,user-mention-service,67.0,411.0,2,2,0,ComposePost,0,0,700.0,700.0
user-timeline-service,user-timeline-service,34.0,309.14999999999986,2,2,0,ComposePost,0,0,700.0,700.0
media-service,media-service,4.0,9.049999999999955,2,2,0,ComposePost,0,0,700.0,700.0
unique-id-service,unique-id-service,15.0,24.0,2,2,0,ComposePost,0,0,700.0,700.0
user-service,user-service,4.0,11.0,2,2,0,ComposePost,0,0,700.0,700.0
compose-post-service,compose-post-service,373.0,1563.0,2,2,0,UserTimeline,0,0,700.0,700.0
home-timeline-service,home-timeline-service,36.0,517.4499999999997,2,2,0,UserTimeline,0,0,700.0,700.0
nginx-web-server,nginx-thrift,459.0,1242.6499999999999,2,2,0,UserTimeline,0,0,700.0,700.0
post-storage-service,post-storage-service,41.0,88.14999999999986,2,2,0,UserTimeline,0,0,700.0,700.0
social-graph-service,social-graph-service,33.0,141.74999999999977,2,2,0,UserTimeline,0,0,700.0,700.0
text-service,text-service,333.0,1051.8999999999996,2,2,0,UserTimeline,0,0,700.0,700.0
url-shorten-service,url-shorten-service,119.5,727.1499999999999,2,2,0,UserTimeline,0,0,700.0,700.0
user-mention-service,user-mention-service,67.0,411.0,2,2,0,UserTimeline,0,0,700.0,700.0
user-timeline-service,user-timeline-service,34.0,309.14999999999986,2,2,0,UserTimeline,0,0,700.0,700.0
media-service,media-service,4.0,9.049999999999955,2,2,0,UserTimeline,0,0,700.0,700.0
unique-id-service,unique-id-service,15.0,24.0,2,2,0,UserTimeline,0,0,700.0,700.0
user-service,user-service,4.0,11.0,2,2,0,UserTimeline,0,0,700.0,700.0
compose-post-service,compose-post-service,373.0,1563.0,2,2,0,HomeTimeline,0,0,700.0,700.0
home-timeline-service,home-timeline-service,36.0,517.4499999999997,2,2,0,HomeTimeline,0,0,700.0,700.0
nginx-web-server,nginx-thrift,459.0,1242.6499999999999,2,2,0,HomeTimeline,0,0,700.0,700.0
post-storage-service,post-storage-service,41.0,88.14999999999986,2,2,0,HomeTimeline,0,0,700.0,700.0
social-graph-service,social-graph-service,33.0,141.74999999999977,2,2,0,HomeTimeline,0,0,700.0,700.0
text-service,text-service,333.0,1051.8999999999996,2,2,0,HomeTimeline,0,0,700.0,700.0
url-shorten-service,url-shorten-service,119.5,727.1499999999999,2,2,0,HomeTimeline,0,0,700.0,700.0
user-mention-service,user-mention-service,67.0,411.0,2,2,0,HomeTimeline,0,0,700.0,700.0
user-timeline-service,user-timeline-service,34.0,309.14999999999986,2,2,0,HomeTimeline,0,0,700.0,700.0
media-service,media-service,4.0,9.049999999999955,2,2,0,HomeTimeline,0,0,700.0,700.0
unique-id-service,unique-id-service,15.0,24.0,2,2,0,HomeTimeline,0,0,700.0,700.0
user-service,user-service,4.0,11.0,2,2,0,HomeTimeline,0,0,700.0,700.0
